Episode,TotalReward
1,16
2,-7
3,1
4,14
5,15
6,6
7,-18
8,10
9,-14
10,-11
11,-10
12,19
13,-8
14,15
15,6
16,11
17,5
18,16
19,-22
20,-6
21,-23
22,13
23,-28
24,-6
25,5
26,14
27,-7
28,-4
29,1
30,-13
31,-10
32,-7
33,22
34,13
35,2
36,-15
37,2
38,14
39,14
40,-4
41,-21
42,11
43,24
44,0
45,18
46,7
47,-3
48,9
49,14
50,-1
51,19
52,0
53,-17
54,9
55,10
56,-28
57,-4
58,18
59,35
60,7
61,3
62,22
63,12
64,-25
65,15
66,14
67,10
68,11
69,13
70,7
71,-11
72,-1
73,20
74,-2
75,-19
76,-6
77,-23
78,16
79,-11
80,14
81,17
82,9
83,-28
84,1
85,25
86,5
87,-2
88,1
89,12
90,7
91,14
92,-6
93,13
94,-23
95,20
96,-24
97,12
98,1
99,16
100,-2
101,-8
102,-24
103,4
104,7
105,-27
106,10
107,8
108,9
109,0
110,-12
111,16
112,-1
113,-6
114,11
115,2
116,7
117,-19
118,21
119,13
120,-10
121,-7
122,-11
123,-8
124,1
125,16
126,-40
127,1
128,10
129,12
130,-13
131,6
132,-7
133,0
134,-18
135,6
136,5
137,-46
138,0
139,7
140,3
141,13
142,7
143,9
144,-10
145,16
146,10
147,15
148,-17
149,-31
150,-15
151,11
152,-25
153,-2
154,-9
155,-10
156,8
157,-16
158,0
159,-8
160,20
161,15
162,3
163,-27
164,4
165,-17
166,-1
167,-14
168,7
169,4
170,-18
171,15
172,-21
173,22
174,3
175,4
176,-4
177,-14
178,12
179,9
180,-14
181,7
182,11
183,20
184,-6
185,-28
186,14
187,5
188,-16
189,14
190,3
191,10
192,-12
193,13
194,1
195,6
196,-5
197,14
198,-47
199,-17
200,16
201,-22
202,9
203,11
204,16
205,9
206,0
207,13
208,1
209,-1
210,0
211,4
212,3
213,12
214,-54
215,8
216,-8
217,17
218,7
219,-11
220,8
221,17
222,-35
223,3
224,9
225,-27
226,-15
227,14
228,5
229,-27
230,23
231,-17
232,22
233,10
234,-9
235,-23
236,-1
237,-5
238,0
239,-33
240,19
241,1
242,9
243,3
244,2
245,-15
246,20
247,5
248,11
249,-6
250,-5
251,25
252,-9
253,11
254,5
255,-15
256,-35
257,24
258,2
259,-5
260,30
261,16
262,-1
263,1
264,28
265,-18
266,-5
267,-1
268,25
269,-2
270,25
271,-2
272,-27
273,9
274,4
275,2
276,0
277,-4
278,-38
279,0
280,-9
281,-41
282,-25
283,8
284,6
285,6
286,19
287,-2
288,15
289,-18
290,4
291,12
292,10
293,-28
294,9
295,9
296,-29
297,4
298,0
299,-14
300,-12
301,-5
302,-18
303,-28
304,-1
305,7
306,-33
307,1
308,-27
309,6
310,-26
311,20
312,20
313,9
314,-16
315,14
316,19
317,-27
318,-18
319,11
320,-15
321,23
322,-16
323,-4
324,-9
325,-20
326,24
327,14
328,1
329,7
330,8
331,2
332,-5
333,-4
334,3
335,2
336,18
337,4
338,0
339,-13
340,-26
341,8
342,7
343,-10
344,11
345,-19
346,-2
347,-23
348,14
349,-40
350,11
351,-30
352,9
353,0
354,-8
355,-2
356,-10
357,-28
358,9
359,17
360,-18
361,3
362,24
363,5
364,12
365,21
366,-6
367,-11
368,-8
369,9
370,2
371,-23
372,-6
373,-10
374,4
375,5
376,17
377,-35
378,-35
379,1
380,-36
381,21
382,7
383,-25
384,4
385,-27
386,-3
387,-9
388,5
389,15
390,8
391,-3
392,-23
393,-31
394,-6
395,9
396,6
397,16
398,-17
399,-14
400,24
401,18
402,-29
403,18
404,-3
405,-17
406,8
407,-11
408,-30
409,13
410,24
411,-14
412,6
413,19
414,-7
415,34
416,-4
417,4
418,8
419,15
420,-3
421,14
422,-2
423,-4
424,4
425,16
426,8
427,11
428,5
429,-6
430,21
431,9
432,2
433,-18
434,-15
435,14
436,4
437,-14
438,8
439,18
440,-6
441,-15
442,-37
443,18
444,15
445,19
446,13
447,14
448,-26
449,-19
450,17
451,6
452,23
453,-13
454,-14
455,-29
456,19
457,-6
458,1
459,-11
460,11
461,21
462,17
463,-1
464,17
465,24
466,-5
467,-10
468,19
469,-31
470,-8
471,12
472,2
473,8
474,-10
475,1
476,24
477,2
478,2
479,11
480,0
481,13
482,9
483,20
484,-2
485,-2
486,-8
487,11
488,-5
489,8
490,-13
491,19
492,8
493,7
494,-1
495,27
496,-11
497,8
498,17
499,-5
500,-10
501,-30
502,-6
503,19
504,-2
505,2
506,-31
507,-4
508,-7
509,4
510,-13
511,5
512,16
513,9
514,-45
515,12
516,-25
517,2
518,20
519,11
520,21
521,-42
522,11
523,1
524,-9
525,-18
526,-10
527,1
528,-23
529,-31
530,-27
531,6
532,15
533,20
534,25
535,7
536,7
537,14
538,10
539,-14
540,-2
541,18
542,17
543,4
544,15
545,-10
546,26
547,-9
548,-1
549,0
550,13
551,-18
552,10
553,2
554,15
555,20
556,10
557,-3
558,-22
559,-1
560,16
561,-44
562,10
563,-22
564,12
565,-18
566,27
567,-11
568,15
569,-29
570,8
571,10
572,-2
573,-28
574,-20
575,3
576,9
577,-8
578,9
579,18
580,-29
581,6
582,-16
583,-9
584,-22
585,-17
586,1
587,3
588,-13
589,-22
590,22
591,-15
592,-22
593,-25
594,-6
595,14
596,-8
597,-15
598,-19
599,4
600,26
601,2
602,14
603,-44
604,-19
605,-23
606,-7
607,1
608,-24
609,18
610,11
611,6
612,-20
613,20
614,-11
615,10
616,15
617,12
618,12
619,19
620,-24
621,16
622,-15
623,-13
624,-3
625,10
626,-7
627,32
628,14
629,10
630,23
631,-12
632,-14
633,5
634,13
635,20
636,20
637,8
638,10
639,-5
640,-5
641,11
642,5
643,6
644,11
645,6
646,-7
647,-17
648,20
649,-21
650,-7
651,4
652,-12
653,14
654,9
655,-45
656,-6
657,17
658,16
659,-4
660,19
661,18
662,3
663,7
664,-13
665,-29
666,24
667,3
668,24
669,9
670,13
671,-16
672,2
673,9
674,9
675,18
676,7
677,12
678,15
679,28
680,6
681,14
682,16
683,24
684,8
685,4
686,-2
687,16
688,2
689,25
690,9
691,9
692,15
693,12
694,-13
695,5
696,20
697,-13
698,-8
699,-1
700,-27
701,5
702,-14
703,5
704,-1
705,1
706,-11
707,-2
708,14
709,14
710,3
711,-3
712,27
713,16
714,-9
715,16
716,-12
717,18
718,-20
719,16
720,30
721,12
722,7
723,1
724,-2
725,-33
726,7
727,13
728,14
729,0
730,-33
731,13
732,-8
733,11
734,-7
735,-12
736,19
737,-12
738,20
739,-12
740,15
741,-1
742,9
743,5
744,8
745,-16
746,11
747,5
748,13
749,0
750,12
751,12
752,-15
753,29
754,-4
755,-3
756,-2
757,-20
758,2
759,-26
760,20
761,5
762,18
763,-3
764,6
765,-3
766,12
767,23
768,-1
769,-14
770,17
771,-26
772,6
773,-19
774,-3
775,15
776,10
777,-19
778,18
779,4
780,11
781,-5
782,10
783,8
784,9
785,-4
786,0
787,12
788,-9
789,10
790,25
791,4
792,21
793,14
794,2
795,13
796,2
797,12
798,15
799,-8
800,-21
801,1
802,-31
803,17
804,-6
805,0
806,26
807,15
808,-47
809,1
810,-13
811,-35
812,10
813,15
814,-5
815,-12
816,-39
817,12
818,18
819,2
820,3
821,19
822,6
823,14
824,8
825,10
826,20
827,4
828,26
829,15
830,-4
831,13
832,7
833,12
834,16
835,10
836,9
837,-1
838,1
839,22
840,5
841,-3
842,-18
843,-5
844,3
845,21
846,25
847,1
848,0
849,6
850,4
851,27
852,-5
853,-27
854,11
855,5
856,13
857,-10
858,5
859,8
860,-9
861,2
862,1
863,14
864,17
865,15
866,22
867,16
868,3
869,0
870,-42
871,-27
872,-17
873,-13
874,1
875,10
876,9
877,24
878,-1
879,15
880,-8
881,-8
882,9
883,17
884,17
885,-1
886,0
887,-13
888,-17
889,16
890,19
891,22
892,1
893,11
894,22
895,-8
896,-14
897,1
898,6
899,14
900,3
901,-7
902,-6
903,-2
904,5
905,3
906,-1
907,17
908,4
909,-19
910,9
911,0
912,12
913,3
914,-10
915,0
916,13
917,-9
918,-25
919,-13
920,4
921,-24
922,15
923,24
924,-26
925,21
926,17
927,16
928,-2
929,-6
930,6
931,4
932,28
933,-9
934,26
935,-40
936,10
937,17
938,22
939,-9
940,15
941,14
942,1
943,16
944,17
945,4
946,4
947,8
948,-12
949,-17
950,6
951,12
952,22
953,8
954,-8
955,13
956,-19
957,-20
958,-1
959,-15
960,20
961,-18
962,16
963,11
964,6
965,18
966,-6
967,6
968,-11
969,9
970,-19
971,4
972,2
973,11
974,-2
975,19
976,8
977,-1
978,16
979,20
980,-11
981,3
982,22
983,11
984,12
985,14
986,7
987,2
988,-33
989,-6
990,0
991,3
992,-15
993,21
994,4
995,7
996,-21
997,-18
998,5
999,-6
1000,-4
1001,5
1002,20
1003,3
1004,2
1005,-1
1006,5
1007,-21
1008,10
1009,6
1010,14
1011,13
1012,-5
1013,-28
1014,18
1015,19
1016,5
1017,13
1018,9
1019,11
1020,28
1021,4
1022,9
1023,21
1024,15
1025,-13
1026,11
1027,18
1028,20
1029,8
1030,3
1031,10
1032,12
1033,19
1034,4
1035,-9
1036,6
1037,8
1038,6
1039,2
1040,4
1041,4
1042,13
1043,19
1044,8
1045,-2
1046,7
1047,-9
1048,13
1049,5
1050,-2
1051,0
1052,13
1053,-1
1054,5
1055,15
1056,14
1057,9
1058,20
1059,7
1060,-2
1061,-1
1062,18
1063,-14
1064,13
1065,9
1066,18
1067,5
1068,5
1069,-5
1070,7
1071,-24
1072,-1
1073,-18
1074,17
1075,0
1076,13
1077,14
1078,13
1079,-10
1080,22
1081,-9
1082,3
1083,29
1084,23
1085,13
1086,-1
1087,15
1088,3
1089,12
1090,-17
1091,13
1092,12
1093,23
1094,15
1095,11
1096,-1
1097,2
1098,-7
1099,-6
1100,9
1101,-21
1102,16
1103,10
1104,-3
1105,0
1106,24
1107,19
1108,-28
1109,-10
1110,-2
1111,-3
1112,-6
1113,-6
1114,18
1115,20
1116,32
1117,36
1118,-2
1119,-29
1120,12
1121,7
1122,6
1123,-10
1124,-11
1125,14
1126,-8
1127,24
1128,3
1129,14
1130,7
1131,-13
1132,-9
1133,19
1134,-14
1135,4
1136,5
1137,8
1138,12
1139,12
1140,21
1141,9
1142,9
1143,-12
1144,9
1145,-3
1146,5
1147,3
1148,11
1149,-2
1150,6
1151,-20
1152,-8
1153,19
1154,5
1155,10
1156,0
1157,12
1158,-10
1159,-10
1160,-4
1161,14
1162,-8
1163,6
1164,9
1165,2
1166,20
1167,13
1168,-16
1169,-1
1170,9
1171,-8
1172,30
1173,-17
1174,14
1175,14
1176,12
1177,-2
1178,-12
1179,15
1180,19
1181,3
1182,-30
1183,-5
1184,-6
1185,-2
1186,-1
1187,-16
1188,5
1189,-5
1190,-14
1191,7
1192,21
1193,-21
1194,20
1195,30
1196,4
1197,-9
1198,-13
1199,-5
1200,-15
1201,14
1202,12
1203,-13
1204,-2
1205,17
1206,11
1207,18
1208,-14
1209,-8
1210,16
1211,22
1212,17
1213,1
1214,6
1215,-20
1216,8
1217,15
1218,-33
1219,-21
1220,-2
1221,-8
1222,4
1223,17
1224,10
1225,-1
1226,-3
1227,-4
1228,15
1229,-14
1230,-13
1231,4
1232,-14
1233,4
1234,16
1235,13
1236,24
1237,-3
1238,-9
1239,-4
1240,-8
1241,-3
1242,10
1243,-19
1244,-6
1245,-2
1246,19
1247,-27
1248,23
1249,3
1250,-26
1251,-3
1252,-2
1253,-5
1254,-4
1255,0
1256,-20
1257,-3
1258,13
1259,6
1260,3
1261,9
1262,8
1263,9
1264,16
1265,8
1266,15
1267,3
1268,-15
1269,27
1270,16
1271,11
1272,11
1273,-31
1274,17
1275,18
1276,-5
1277,14
1278,-11
1279,9
1280,0
1281,0
1282,9
1283,15
1284,0
1285,12
1286,13
1287,20
1288,-15
1289,23
1290,21
1291,20
1292,21
1293,-10
1294,33
1295,-26
1296,-5
1297,1
1298,11
1299,15
1300,4
1301,-7
1302,17
1303,6
1304,12
1305,-12
1306,-9
1307,25
1308,-13
1309,14
1310,15
1311,24
1312,0
1313,12
1314,4
1315,-3
1316,-2
1317,-4
1318,-1
1319,-1
1320,17
1321,-11
1322,-10
1323,-13
1324,1
1325,1
1326,-5
1327,-1
1328,3
1329,-3
1330,-2
1331,26
1332,33
1333,-2
1334,-10
1335,20
1336,8
1337,3
1338,8
1339,-4
1340,-7
1341,11
1342,8
1343,6
1344,-1
1345,3
1346,0
1347,14
1348,7
1349,15
1350,14
1351,-6
1352,14
1353,4
1354,5
1355,9
1356,4
1357,-29
1358,1
1359,-7
1360,22
1361,24
1362,13
1363,15
1364,28
1365,-13
1366,-18
1367,2
1368,7
1369,14
1370,4
1371,-30
1372,-7
1373,7
1374,19
1375,-31
1376,-5
1377,4
1378,6
1379,11
1380,14
1381,12
1382,0
1383,-2
1384,20
1385,13
1386,-18
1387,-12
1388,7
1389,-1
1390,15
1391,9
1392,5
1393,-3
1394,6
1395,8
1396,0
1397,8
1398,12
1399,9
1400,14
1401,10
1402,21
1403,-1
1404,-11
1405,18
1406,16
1407,14
1408,3
1409,24
1410,1
1411,13
1412,-18
1413,10
1414,3
1415,-5
1416,16
1417,-7
1418,11
1419,-10
1420,-8
1421,-16
1422,18
1423,23
1424,13
1425,25
1426,8
1427,2
1428,18
1429,1
1430,-1
1431,13
1432,31
1433,3
1434,16
1435,-28
1436,13
1437,5
1438,0
1439,4
1440,-12
1441,17
1442,11
1443,15
1444,7
1445,-7
1446,16
1447,-18
1448,9
1449,-1
1450,26
1451,12
1452,21
1453,20
1454,-8
1455,-1
1456,15
1457,7
1458,6
1459,18
1460,-6
1461,2
1462,13
1463,12
1464,26
1465,0
1466,3
1467,17
1468,-11
1469,17
1470,-2
1471,-11
1472,-6
1473,14
1474,14
1475,-8
1476,3
1477,16
1478,1
1479,31
1480,-5
1481,5
1482,1
1483,2
1484,12
1485,15
1486,29
1487,-2
1488,-30
1489,16
1490,4
1491,2
1492,26
1493,11
1494,9
1495,-6
1496,13
1497,-4
1498,4
1499,-14
1500,13
1501,-11
1502,14
1503,16
1504,9
1505,-27
1506,14
1507,19
1508,-2
1509,18
1510,-23
1511,9
1512,-5
1513,7
1514,4
1515,-11
1516,12
1517,1
1518,-3
1519,7
1520,4
1521,-3
1522,-17
1523,-15
1524,16
1525,-3
1526,11
1527,11
1528,-11
1529,4
1530,14
1531,-24
1532,15
1533,5
1534,10
1535,20
1536,16
1537,-2
1538,9
1539,-8
1540,23
1541,7
1542,-4
1543,-6
1544,5
1545,8
1546,22
1547,4
1548,7
1549,20
1550,11
1551,7
1552,7
1553,11
1554,16
1555,24
1556,5
1557,6
1558,3
1559,14
1560,6
1561,-3
1562,-33
1563,26
1564,-22
1565,16
1566,10
1567,-14
1568,20
1569,-9
1570,9
1571,-17
1572,2
1573,-15
1574,-14
1575,-8
1576,-21
1577,5
1578,18
1579,-14
1580,-6
1581,-2
1582,8
1583,-25
1584,-6
1585,5
1586,7
1587,14
1588,1
1589,0
1590,9
1591,1
1592,4
1593,11
1594,-22
1595,14
1596,17
1597,6
1598,17
1599,-15
1600,3
1601,0
1602,3
1603,15
1604,20
1605,-27
1606,-6
1607,9
1608,15
1609,-4
1610,6
1611,9
1612,16
1613,-13
1614,21
1615,-2
1616,2
1617,9
1618,15
1619,14
1620,12
1621,10
1622,13
1623,18
1624,2
1625,4
1626,13
1627,16
1628,-34
1629,-22
1630,7
1631,4
1632,-30
1633,-9
1634,-2
1635,-9
1636,12
1637,3
1638,-4
1639,13
1640,14
1641,19
1642,12
1643,4
1644,-3
1645,3
1646,-4
1647,25
1648,6
1649,22
1650,26
1651,8
1652,-5
1653,6
1654,-24
1655,21
1656,5
1657,28
1658,0
1659,7
1660,5
1661,-3
1662,13
1663,20
1664,8
1665,19
1666,18
1667,-11
1668,1
1669,6
1670,3
1671,10
1672,10
1673,-31
1674,1
1675,8
1676,0
1677,17
1678,8
1679,2
1680,0
1681,12
1682,-10
1683,12
1684,-8
1685,-35
1686,-4
1687,12
1688,8
1689,14
1690,23
1691,15
1692,5
1693,9
1694,-3
1695,21
1696,14
1697,-4
1698,30
1699,2
1700,-1
1701,-1
1702,14
1703,13
1704,9
1705,12
1706,-11
1707,19
1708,-23
1709,-12
1710,-31
1711,9
1712,9
1713,-8
1714,7
1715,17
1716,20
1717,13
1718,22
1719,-32
1720,15
1721,-2
1722,20
1723,19
1724,1
1725,-13
1726,-10
1727,-5
1728,-2
1729,1
1730,10
1731,4
1732,16
1733,7
1734,-5
1735,12
1736,19
1737,-20
1738,10
1739,14
1740,12
1741,9
1742,8
1743,14
1744,9
1745,0
1746,13
1747,6
1748,26
1749,25
1750,19
1751,13
1752,-2
1753,10
1754,-1
1755,-20
1756,18
1757,31
1758,24
1759,10
1760,2
1761,7
1762,11
1763,12
1764,9
1765,-3
1766,7
1767,-12
1768,21
1769,7
1770,7
1771,-28
1772,15
1773,17
1774,8
1775,-31
1776,-14
1777,-2
1778,-10
1779,12
1780,5
1781,23
1782,8
1783,18
1784,14
1785,-1
1786,-23
1787,7
1788,-9
1789,-14
1790,12
1791,13
1792,-11
1793,16
1794,2
1795,3
1796,-12
1797,-2
1798,11
1799,17
1800,7
1801,20
1802,3
1803,22
1804,16
1805,-6
1806,-3
1807,2
1808,4
1809,-4
1810,-1
1811,24
1812,17
1813,20
1814,14
1815,20
1816,-10
1817,11
1818,21
1819,8
1820,-24
1821,16
1822,-6
1823,9
1824,15
1825,24
1826,-9
1827,-10
1828,-7
1829,25
1830,18
1831,5
1832,-27
1833,-17
1834,17
1835,22
1836,4
1837,18
1838,3
1839,11
1840,-8
1841,-9
1842,17
1843,14
1844,8
1845,1
1846,2
1847,14
1848,-3
1849,8
1850,13
1851,5
1852,-12
1853,16
1854,9
1855,-3
1856,18
1857,6
1858,-8
1859,26
1860,21
1861,20
1862,23
1863,10
1864,-9
1865,9
1866,7
1867,-3
1868,24
1869,4
1870,15
1871,4
1872,-10
1873,-5
1874,-14
1875,4
1876,-2
1877,26
1878,11
1879,-3
1880,4
1881,26
1882,3
1883,-11
1884,5
1885,22
1886,20
1887,1
1888,13
1889,-1
1890,11
1891,4
1892,17
1893,9
1894,-37
1895,-49
1896,18
1897,-33
1898,11
1899,1
1900,-1
1901,11
1902,0
1903,20
1904,2
1905,4
1906,4
1907,19
1908,11
1909,6
1910,1
1911,-5
1912,11
1913,7
1914,25
1915,18
1916,18
1917,18
1918,3
1919,-17
1920,4
1921,-12
1922,-2
1923,10
1924,6
1925,-24
1926,-19
1927,7
1928,7
1929,-19
1930,5
1931,16
1932,6
1933,-28
1934,24
1935,10
1936,11
1937,15
1938,4
1939,14
1940,-10
1941,8
1942,5
1943,4
1944,16
1945,2
1946,5
1947,-6
1948,12
1949,-20
1950,10
1951,-4
1952,11
1953,7
1954,5
1955,18
1956,-3
1957,-2
1958,19
1959,-7
1960,14
1961,-7
1962,15
1963,10
1964,12
1965,19
1966,5
1967,4
1968,19
1969,6
1970,8
1971,5
1972,21
1973,20
1974,-5
1975,22
1976,6
1977,6
1978,24
1979,10
1980,3
1981,12
1982,15
1983,-4
1984,-22
1985,-23
1986,15
1987,13
1988,18
1989,-5
1990,3
1991,-28
1992,-5
1993,-5
1994,21
1995,11
1996,-21
1997,5
1998,-2
1999,-5
2000,11
2001,16
2002,4
2003,-5
2004,-22
2005,12
2006,-7
2007,16
2008,-1
2009,14
2010,11
2011,25
2012,12
2013,17
2014,13
2015,23
2016,6
2017,-8
2018,2
2019,5
2020,14
2021,8
2022,-24
2023,2
2024,-2
2025,10
2026,-1
2027,19
2028,-20
2029,-18
2030,-3
2031,-8
2032,12
2033,-8
2034,5
2035,11
2036,-11
2037,-11
2038,14
2039,23
2040,2
2041,9
2042,21
2043,10
2044,-20
2045,4
2046,13
2047,-4
2048,12
2049,11
2050,9
2051,7
2052,-10
2053,-3
2054,6
2055,-17
2056,14
2057,14
2058,-7
2059,27
2060,13
2061,4
2062,10
2063,-12
2064,8
2065,12
2066,9
2067,-12
2068,12
2069,13
2070,-10
2071,-29
2072,11
2073,1
2074,-10
2075,24
2076,-15
2077,-4
2078,-9
2079,2
2080,7
2081,8
2082,-23
2083,30
2084,9
2085,-18
2086,13
2087,10
2088,7
2089,-3
2090,6
2091,2
2092,-8
2093,18
2094,-3
2095,22
2096,8
2097,-10
2098,6
2099,24
2100,1
2101,-4
2102,-12
2103,12
2104,7
2105,-1
2106,5
2107,28
2108,-7
2109,-7
2110,8
2111,13
2112,-13
2113,-7
2114,15
2115,-15
2116,0
2117,23
2118,-44
2119,-10
2120,21
2121,7
2122,-19
2123,15
2124,14
2125,24
2126,-9
2127,14
2128,10
2129,7
2130,11
2131,-16
2132,23
2133,20
2134,-11
2135,16
2136,11
2137,-12
2138,8
2139,15
2140,12
2141,0
2142,5
2143,18
2144,2
2145,-6
2146,17
2147,16
2148,18
2149,-1
2150,-34
2151,1
2152,-4
2153,8
2154,8
2155,16
2156,10
2157,12
2158,23
2159,-23
2160,-4
2161,10
2162,1
2163,7
2164,15
2165,-1
2166,-13
2167,22
2168,17
2169,14
2170,12
2171,7
2172,13
2173,14
2174,-13
2175,13
2176,8
2177,-23
2178,-3
2179,13
2180,12
2181,3
2182,23
2183,18
2184,-7
2185,14
2186,24
2187,20
2188,19
2189,4
2190,16
2191,-4
2192,4
2193,4
2194,20
2195,7
2196,10
2197,15
2198,15
2199,-3
2200,19
2201,5
2202,24
2203,10
2204,0
2205,7
2206,3
2207,3
2208,1
2209,16
2210,-1
2211,17
2212,20
2213,3
2214,3
2215,4
2216,21
2217,8
2218,14
2219,3
2220,-6
2221,-5
2222,0
2223,5
2224,-9
2225,4
2226,-1
2227,-5
2228,13
2229,24
2230,-14
2231,7
2232,16
2233,12
2234,10
2235,9
2236,15
2237,26
2238,-2
2239,18
2240,-13
2241,-17
2242,5
2243,-9
2244,14
2245,3
2246,11
2247,19
2248,-1
2249,17
2250,3
2251,0
2252,-8
2253,-34
2254,-27
2255,16
2256,-1
2257,15
2258,-1
2259,3
2260,0
2261,-21
2262,-8
2263,9
2264,4
2265,-9
2266,22
2267,-12
2268,20
2269,15
2270,-9
2271,-11
2272,5
2273,9
2274,7
2275,20
2276,-16
2277,10
2278,23
2279,27
2280,14
2281,5
2282,-32
2283,6
2284,-10
2285,13
2286,-1
2287,-11
2288,-6
2289,21
2290,11
2291,0
2292,14
2293,-2
2294,11
2295,-4
2296,5
2297,7
2298,-15
2299,-15
2300,16
2301,13
2302,36
2303,-11
2304,13
2305,22
2306,8
2307,3
2308,12
2309,4
2310,2
2311,-29
2312,11
2313,30
2314,-24
2315,12
2316,16
2317,-1
2318,5
2319,15
2320,9
2321,16
2322,11
2323,6
2324,7
2325,20
2326,-25
2327,3
2328,-12
2329,19
2330,22
2331,14
2332,13
2333,10
2334,22
2335,-2
2336,20
2337,20
2338,-6
2339,2
2340,-13
2341,9
2342,-17
2343,-15
2344,5
2345,29
2346,9
2347,8
2348,-8
2349,12
2350,4
2351,7
2352,-21
2353,23
2354,-15
2355,-11
2356,9
2357,-5
2358,8
2359,-4
2360,1
2361,3
2362,14
2363,23
2364,11
2365,-12
2366,18
2367,25
2368,-15
2369,-16
2370,-2
2371,1
2372,6
2373,-2
2374,0
2375,2
2376,16
2377,-2
2378,10
2379,14
2380,-14
2381,-14
2382,8
2383,14
2384,18
2385,1
2386,22
2387,16
2388,6
2389,3
2390,-16
2391,-5
2392,7
2393,1
2394,27
2395,1
2396,12
2397,-23
2398,-16
2399,5
2400,9
2401,4
2402,8
2403,-4
2404,-1
2405,4
2406,12
2407,-26
2408,15
2409,-2
2410,14
2411,3
2412,31
2413,5
2414,7
2415,16
2416,19
2417,-5
2418,18
2419,18
2420,10
2421,12
2422,-7
2423,5
2424,17
2425,7
2426,-1
2427,6
2428,-10
2429,-1
2430,16
2431,-7
2432,-7
2433,27
2434,-6
2435,20
2436,22
2437,-11
2438,6
2439,19
2440,-1
2441,13
2442,8
2443,20
2444,2
2445,-7
2446,20
2447,11
2448,20
2449,18
2450,0
2451,18
2452,21
2453,16
2454,22
2455,-29
2456,6
2457,4
2458,5
2459,2
2460,19
2461,15
2462,9
2463,12
2464,-17
2465,3
2466,3
2467,29
2468,12
2469,6
2470,-23
2471,-14
2472,7
2473,2
2474,-13
2475,4
2476,20
2477,0
2478,8
2479,11
2480,5
2481,-3
2482,-14
2483,16
2484,13
2485,-6
2486,16
2487,2
2488,16
2489,9
2490,-4
2491,-2
2492,19
2493,15
2494,-9
2495,-2
2496,-15
2497,10
2498,12
2499,-8
2500,11
2501,3
2502,2
2503,-34
2504,15
2505,4
2506,-3
2507,15
2508,-7
2509,7
2510,4
2511,-28
2512,-7
2513,6
2514,15
2515,2
2516,7
2517,10
2518,20
2519,7
2520,-15
2521,-23
2522,18
2523,4
2524,22
2525,-22
2526,14
2527,4
2528,11
2529,5
2530,4
2531,11
2532,20
2533,23
2534,16
2535,-3
2536,5
2537,9
2538,-10
2539,9
2540,-1
2541,17
2542,6
2543,5
2544,-22
2545,18
2546,2
2547,2
2548,-6
2549,15
2550,7
2551,-1
2552,-10
2553,10
2554,-1
2555,26
2556,12
2557,12
2558,9
2559,10
2560,2
2561,13
2562,-33
2563,8
2564,16
2565,17
2566,16
2567,8
2568,9
2569,11
2570,-36
2571,20
2572,-3
2573,0
2574,5
2575,4
2576,13
2577,19
2578,18
2579,14
2580,21
2581,18
2582,24
2583,4
2584,7
2585,-4
2586,-9
2587,-20
2588,-18
2589,4
2590,3
2591,-1
2592,-6
2593,4
2594,10
2595,15
2596,-6
2597,4
2598,29
2599,0
2600,4
2601,9
2602,3
2603,9
2604,8
2605,10
2606,-6
2607,26
2608,11
2609,2
2610,15
2611,-12
2612,10
2613,10
2614,9
2615,16
2616,10
2617,-24
2618,19
2619,3
2620,-22
2621,9
2622,13
2623,14
2624,-25
2625,-51
2626,7
2627,-5
2628,-1
2629,30
2630,1
2631,-1
2632,15
2633,-12
2634,9
2635,-19
2636,-2
2637,7
2638,9
2639,-3
2640,22
2641,8
2642,1
2643,3
2644,3
2645,1
2646,13
2647,-17
2648,20
2649,17
2650,23
2651,12
2652,1
2653,-20
2654,-15
2655,9
2656,5
2657,10
2658,26
2659,16
2660,9
2661,15
2662,4
2663,13
2664,-19
2665,16
2666,9
2667,-14
2668,-23
2669,-15
2670,-39
2671,13
2672,15
2673,5
2674,8
2675,17
2676,14
2677,0
2678,-5
2679,-11
2680,1
2681,14
2682,7
2683,11
2684,-4
2685,5
2686,18
2687,-7
2688,12
2689,-25
2690,-12
2691,17
2692,-28
2693,19
2694,21
2695,7
2696,16
2697,-1
2698,10
2699,18
2700,-14
2701,-22
2702,5
2703,4
2704,11
2705,-6
2706,6
2707,8
2708,-5
2709,4
2710,9
2711,19
2712,-6
2713,15
2714,16
2715,11
2716,-23
2717,2
2718,2
2719,18
2720,-7
2721,15
2722,17
2723,10
2724,-35
2725,-11
2726,25
2727,13
2728,11
2729,-13
2730,16
2731,8
2732,-12
2733,-4
2734,-12
2735,1
2736,9
2737,8
2738,9
2739,-9
2740,11
2741,6
2742,9
2743,-2
2744,-5
2745,-31
2746,20
2747,13
2748,-8
2749,15
2750,14
2751,15
2752,-4
2753,16
2754,4
2755,28
2756,6
2757,21
2758,-10
2759,9
2760,7
2761,4
2762,12
2763,-36
2764,-1
2765,-8
2766,9
2767,11
2768,-2
2769,-21
2770,15
2771,-12
2772,23
2773,-10
2774,4
2775,4
2776,5
2777,-24
2778,17
2779,1
2780,23
2781,9
2782,21
2783,7
2784,6
2785,16
2786,19
2787,13
2788,-15
2789,19
2790,26
2791,13
2792,12
2793,11
2794,-5
2795,-8
2796,31
2797,14
2798,-7
2799,-1
2800,-11
2801,17
2802,16
2803,21
2804,-9
2805,-11
2806,8
2807,11
2808,-1
2809,5
2810,2
2811,6
2812,10
2813,-12
2814,22
2815,12
2816,8
2817,22
2818,7
2819,-1
2820,18
2821,3
2822,-5
2823,-19
2824,6
2825,13
2826,1
2827,-2
2828,-10
2829,13
2830,8
2831,7
2832,-24
2833,31
2834,6
2835,2
2836,17
2837,18
2838,5
2839,19
2840,4
2841,-5
2842,19
2843,14
2844,17
2845,9
2846,13
2847,-10
2848,3
2849,3
2850,3
2851,7
2852,-1
2853,-20
2854,11
2855,12
2856,4
2857,13
2858,-16
2859,-17
2860,-2
2861,-9
2862,17
2863,18
2864,30
2865,15
2866,4
2867,12
2868,15
2869,18
2870,13
2871,18
2872,-2
2873,-8
2874,-9
2875,-11
2876,-7
2877,12
2878,3
2879,5
2880,-6
2881,1
2882,14
2883,12
2884,7
2885,5
2886,14
2887,11
2888,20
2889,0
2890,15
2891,13
2892,17
2893,5
2894,2
2895,7
2896,-3
2897,33
2898,18
2899,6
2900,17
2901,22
2902,1
2903,15
2904,-2
2905,6
2906,8
2907,-15
2908,4
2909,9
2910,21
2911,8
2912,2
2913,3
2914,-2
2915,9
2916,25
2917,23
2918,25
2919,5
2920,-12
2921,13
2922,0
2923,16
2924,1
2925,9
2926,7
2927,14
2928,-2
2929,1
2930,5
2931,-6
2932,-7
2933,3
2934,7
2935,-9
2936,-8
2937,15
2938,-5
2939,12
2940,-2
2941,8
2942,7
2943,-28
2944,4
2945,-9
2946,8
2947,26
2948,-8
2949,10
2950,1
2951,27
2952,-13
2953,-1
2954,8
2955,-4
2956,7
2957,9
2958,11
2959,24
2960,-13
2961,4
2962,-28
2963,21
2964,-5
2965,20
2966,-23
2967,-12
2968,-15
2969,24
2970,-9
2971,10
2972,19
2973,22
2974,3
2975,19
2976,-8
2977,-28
2978,1
2979,8
2980,7
2981,-1
2982,5
2983,18
2984,9
2985,25
2986,0
2987,19
2988,5
2989,-4
2990,0
2991,18
2992,-5
2993,19
2994,1
2995,1
2996,18
2997,15
2998,14
2999,8
3000,0
3001,26
3002,-17
3003,-7
3004,25
3005,23
3006,-4
3007,8
3008,24
3009,10
3010,-5
3011,10
3012,9
3013,-22
3014,2
3015,-22
3016,2
3017,14
3018,16
3019,-26
3020,21
3021,6
3022,13
3023,15
3024,30
3025,8
3026,6
3027,15
3028,6
3029,12
3030,-8
3031,15
3032,5
3033,2
3034,-11
3035,8
3036,-3
3037,2
3038,-3
3039,16
3040,10
3041,3
3042,28
3043,-27
3044,25
3045,-21
3046,2
3047,-34
3048,25
3049,1
3050,-16
3051,22
3052,1
3053,-5
3054,6
3055,18
3056,13
3057,-3
3058,-12
3059,5
3060,-7
3061,2
3062,-20
3063,-3
3064,8
3065,10
3066,-22
3067,-2
3068,13
3069,1
3070,1
3071,7
3072,7
3073,11
3074,24
3075,20
3076,25
3077,17
3078,0
3079,-2
3080,15
3081,10
3082,6
3083,14
3084,4
3085,-17
3086,-1
3087,3
3088,8
3089,2
3090,1
3091,-3
3092,12
3093,-17
3094,8
3095,0
3096,-6
3097,13
3098,-2
3099,-8
3100,-30
3101,15
3102,-4
3103,6
3104,8
3105,10
3106,-2
3107,-4
3108,5
3109,15
3110,12
3111,-10
3112,10
3113,22
3114,14
3115,28
3116,6
3117,1
3118,14
3119,8
3120,-5
3121,3
3122,21
3123,10
3124,14
3125,-27
3126,21
3127,-3
3128,7
3129,2
3130,11
3131,21
3132,3
3133,-6
3134,5
3135,28
3136,12
3137,-7
3138,-7
3139,-3
3140,13
3141,5
3142,-21
3143,23
3144,22
3145,6
3146,24
3147,8
3148,14
3149,5
3150,0
3151,8
3152,26
3153,16
3154,-5
3155,3
3156,21
3157,9
3158,-5
3159,-5
3160,19
3161,-18
3162,-13
3163,-3
3164,4
3165,-18
3166,18
3167,19
3168,-1
3169,-4
3170,0
3171,-5
3172,21
3173,19
3174,9
3175,-25
3176,-1
3177,13
3178,-1
3179,2
3180,5
3181,9
3182,-1
3183,12
3184,23
3185,7
3186,5
3187,9
3188,-3
3189,15
3190,-5
3191,23
3192,-5
3193,5
3194,-2
3195,13
3196,-2
3197,10
3198,22
3199,-1
3200,2
3201,-5
3202,14
3203,15
3204,26
3205,12
3206,-1
3207,-32
3208,20
3209,-2
3210,-6
3211,9
3212,-3
3213,18
3214,18
3215,-30
3216,6
3217,24
3218,5
3219,11
3220,26
3221,-19
3222,1
3223,-6
3224,11
3225,-21
3226,-16
3227,17
3228,-4
3229,14
3230,9
3231,11
3232,13
3233,22
3234,-3
3235,-4
3236,13
3237,-6
3238,10
3239,-5
3240,2
3241,-13
3242,17
3243,4
3244,-1
3245,14
3246,4
3247,8
3248,0
3249,22
3250,5
3251,22
3252,17
3253,4
3254,8
3255,2
3256,13
3257,-4
3258,21
3259,8
3260,-18
3261,5
3262,15
3263,3
3264,-13
3265,-1
3266,8
3267,-11
3268,-17
3269,-1
3270,9
3271,8
3272,10
3273,-14
3274,-20
3275,-7
3276,-16
3277,-9
3278,9
3279,2
3280,9
3281,26
3282,12
3283,9
3284,13
3285,23
3286,8
3287,23
3288,9
3289,14
3290,-1
3291,-5
3292,-15
3293,5
3294,28
3295,8
3296,9
3297,1
3298,-20
3299,-6
3300,10
3301,11
3302,3
3303,-40
3304,1
3305,-11
3306,20
3307,7
3308,-8
3309,15
3310,-2
3311,-21
3312,-3
3313,-6
3314,-2
3315,1
3316,5
3317,-6
3318,1
3319,12
3320,8
3321,14
3322,0
3323,14
3324,-8
3325,-35
3326,3
3327,10
3328,5
3329,-9
3330,-7
3331,6
3332,18
3333,10
3334,-3
3335,-29
3336,-10
3337,-8
3338,14
3339,5
3340,1
3341,5
3342,-10
3343,12
3344,12
3345,11
3346,-20
3347,21
3348,-32
3349,-28
3350,-13
3351,22
3352,3
3353,0
3354,26
3355,-26
3356,1
3357,-2
3358,13
3359,-4
3360,-17
3361,-17
3362,2
3363,-38
3364,12
3365,-4
3366,12
3367,16
3368,-3
3369,9
3370,-1
3371,22
3372,6
3373,-12
3374,15
3375,3
3376,16
3377,2
3378,-12
3379,24
3380,1
3381,9
3382,27
3383,5
3384,-1
3385,-10
3386,15
3387,-3
3388,35
3389,21
3390,14
3391,-11
3392,9
3393,17
3394,16
3395,18
3396,4
3397,4
3398,-1
3399,17
3400,-7
3401,21
3402,5
3403,25
3404,3
3405,-31
3406,9
3407,-2
3408,9
3409,11
3410,2
3411,19
3412,9
3413,16
3414,5
3415,-14
3416,8
3417,2
3418,5
3419,-1
3420,1
3421,-5
3422,11
3423,6
3424,16
3425,22
3426,-12
3427,3
3428,21
3429,-15
3430,5
3431,-14
3432,7
3433,19
3434,10
3435,8
3436,13
3437,10
3438,3
3439,4
3440,7
3441,34
3442,-2
3443,0
3444,12
3445,-28
3446,3
3447,4
3448,4
3449,-15
3450,14
3451,14
3452,13
3453,-24
3454,15
3455,-23
3456,11
3457,3
3458,-19
3459,13
3460,-1
3461,25
3462,14
3463,-4
3464,11
3465,6
3466,-17
3467,19
3468,-14
3469,0
3470,6
3471,17
3472,17
3473,11
3474,2
3475,1
3476,-13
3477,18
3478,-14
3479,-14
3480,-22
3481,-5
3482,-8
3483,-20
3484,8
3485,-24
3486,13
3487,-4
3488,-2
3489,-4
3490,3
3491,9
3492,18
3493,19
3494,-6
3495,-22
3496,-30
3497,0
3498,8
3499,12
3500,13
3501,9
3502,-2
3503,7
3504,1
3505,20
3506,17
3507,1
3508,11
3509,6
3510,2
3511,-6
3512,21
3513,18
3514,20
3515,3
3516,8
3517,-2
3518,13
3519,17
3520,3
3521,-28
3522,24
3523,9
3524,5
3525,-15
3526,-5
3527,3
3528,8
3529,-6
3530,2
3531,-28
3532,20
3533,15
3534,6
3535,21
3536,-3
3537,18
3538,0
3539,-10
3540,-17
3541,-5
3542,-15
3543,-9
3544,21
3545,-22
3546,10
3547,-2
3548,-6
3549,-4
3550,8
3551,19
3552,0
3553,-12
3554,13
3555,23
3556,17
3557,15
3558,25
3559,11
3560,-5
3561,-14
3562,-2
3563,12
3564,-28
3565,15
3566,3
3567,11
3568,18
3569,23
3570,6
3571,-32
3572,26
3573,16
3574,10
3575,4
3576,7
3577,10
3578,5
3579,9
3580,21
3581,14
3582,-20
3583,17
3584,-19
3585,-4
3586,14
3587,4
3588,-1
3589,20
3590,11
3591,-14
3592,16
3593,-1
3594,9
3595,8
3596,18
3597,7
3598,19
3599,9
3600,8
3601,9
3602,14
3603,5
3604,16
3605,-4
3606,24
3607,2
3608,1
3609,-22
3610,24
3611,8
3612,8
3613,-13
3614,-4
3615,-9
3616,-17
3617,11
3618,6
3619,-3
3620,24
3621,17
3622,2
3623,-5
3624,7
3625,11
3626,-8
3627,8
3628,12
3629,4
3630,16
3631,-7
3632,22
3633,17
3634,-23
3635,-1
3636,32
3637,-17
3638,13
3639,18
3640,9
3641,10
3642,-18
3643,11
3644,26
3645,17
3646,-10
3647,3
3648,15
3649,8
3650,6
3651,12
3652,6
3653,-3
3654,-17
3655,14
3656,-15
3657,5
3658,-5
3659,8
3660,11
3661,-11
3662,23
3663,16
3664,22
3665,2
3666,10
3667,7
3668,-8
3669,14
3670,2
3671,11
3672,12
3673,-2
3674,2
3675,-3
3676,-2
3677,26
3678,-3
3679,1
3680,-17
3681,1
3682,-7
3683,25
3684,-9
3685,8
3686,9
3687,16
3688,-11
3689,0
3690,11
3691,29
3692,13
3693,11
3694,21
3695,5
3696,13
3697,-3
3698,5
3699,17
3700,12
3701,4
3702,-6
3703,14
3704,-33
3705,-48
3706,10
3707,-11
3708,8
3709,0
3710,4
3711,-42
3712,2
3713,-7
3714,18
3715,10
3716,9
3717,-1
3718,5
3719,16
3720,24
3721,-15
3722,13
3723,20
3724,11
3725,7
3726,2
3727,13
3728,-1
3729,10
3730,10
3731,0
3732,2
3733,4
3734,2
3735,9
3736,1
3737,22
3738,-17
3739,-5
3740,8
3741,12
3742,19
3743,13
3744,-7
3745,7
3746,23
3747,-26
3748,0
3749,12
3750,-1
3751,16
3752,13
3753,-6
3754,1
3755,24
3756,12
3757,-8
3758,9
3759,10
3760,8
3761,4
3762,-11
3763,8
3764,2
3765,4
3766,21
3767,-2
3768,12
3769,12
3770,15
3771,-6
3772,17
3773,2
3774,20
3775,7
3776,13
3777,4
3778,0
3779,-6
3780,4
3781,14
3782,13
3783,-12
3784,-7
3785,21
3786,-7
3787,-12
3788,13
3789,17
3790,-4
3791,18
3792,-5
3793,-1
3794,18
3795,-6
3796,-18
3797,-4
3798,6
3799,4
3800,-1
3801,19
3802,7
3803,7
3804,-9
3805,9
3806,-24
3807,19
3808,-5
3809,23
3810,3
3811,16
3812,18
3813,-3
3814,21
3815,17
3816,5
3817,8
3818,7
3819,14
3820,7
3821,25
3822,7
3823,-19
3824,15
3825,6
3826,14
3827,-8
3828,-12
3829,10
3830,31
3831,9
3832,2
3833,0
3834,-6
3835,10
3836,29
3837,0
3838,10
3839,9
3840,-1
3841,-32
3842,16
3843,-2
3844,-8
3845,-16
3846,-24
3847,-12
3848,-16
3849,10
3850,4
3851,15
3852,-6
3853,20
3854,18
3855,1
3856,-4
3857,21
3858,0
3859,-3
3860,11
3861,-19
3862,25
3863,10
3864,30
3865,0
3866,13
3867,3
3868,7
3869,14
3870,8
3871,31
3872,4
3873,2
3874,-8
3875,2
3876,-12
3877,-7
3878,29
3879,-34
3880,-1
3881,19
3882,-5
3883,14
3884,5
3885,4
3886,-28
3887,9
3888,1
3889,5
3890,-5
3891,20
3892,30
3893,-18
3894,2
3895,0
3896,8
3897,0
3898,20
3899,-27
3900,-16
3901,12
3902,-17
3903,17
3904,19
3905,-8
3906,11
3907,-5
3908,-22
3909,-2
3910,4
3911,3
3912,21
3913,-24
3914,27
3915,0
3916,-22
3917,10
3918,-18
3919,12
3920,0
3921,7
3922,19
3923,13
3924,0
3925,15
3926,-1
3927,8
3928,-6
3929,11
3930,-5
3931,14
3932,0
3933,17
3934,17
3935,9
3936,8
3937,-8
3938,-23
3939,15
3940,-17
3941,16
3942,-32
3943,-3
3944,17
3945,12
3946,20
3947,14
3948,-3
3949,14
3950,8
3951,7
3952,-18
3953,-16
3954,9
3955,-8
3956,22
3957,4
3958,10
3959,-13
3960,-4
3961,-1
3962,-6
3963,13
3964,-15
3965,-5
3966,26
3967,-3
3968,13
3969,20
3970,20
3971,8
3972,17
3973,18
3974,0
3975,-1
3976,-7
3977,29
3978,8
3979,17
3980,14
3981,-18
3982,6
3983,-26
3984,21
3985,18
3986,-10
3987,6
3988,-12
3989,17
3990,10
3991,-37
3992,-10
3993,10
3994,15
3995,-11
3996,19
3997,22
3998,11
3999,5
4000,-1
4001,4
4002,4
4003,-16
4004,15
4005,-19
4006,-4
4007,-36
4008,-1
4009,14
4010,5
4011,14
4012,14
4013,12
4014,9
4015,-8
4016,16
4017,11
4018,17
4019,6
4020,-6
4021,-13
4022,-10
4023,29
4024,3
4025,11
4026,17
4027,6
4028,14
4029,9
4030,23
4031,-14
4032,2
4033,10
4034,-21
4035,20
4036,6
4037,9
4038,10
4039,6
4040,-5
4041,-29
4042,-7
4043,18
4044,-12
4045,17
4046,21
4047,-2
4048,1
4049,1
4050,27
4051,9
4052,-19
4053,15
4054,1
4055,8
4056,-20
4057,8
4058,28
4059,0
4060,2
4061,16
4062,0
4063,25
4064,15
4065,3
4066,5
4067,0
4068,-13
4069,10
4070,-28
4071,-16
4072,8
4073,24
4074,25
4075,4
4076,7
4077,11
4078,3
4079,8
4080,18
4081,0
4082,-1
4083,0
4084,0
4085,14
4086,11
4087,-5
4088,6
4089,5
4090,7
4091,12
4092,-13
4093,-11
4094,12
4095,9
4096,0
4097,-3
4098,8
4099,-37
4100,23
4101,23
4102,0
4103,1
4104,-10
4105,13
4106,-4
4107,18
4108,-16
4109,14
4110,22
4111,3
4112,6
4113,16
4114,44
4115,26
4116,9
4117,5
4118,15
4119,6
4120,3
4121,-4
4122,-7
4123,6
4124,-6
4125,-1
4126,15
4127,-20
4128,14
4129,6
4130,17
4131,13
4132,10
4133,16
4134,-6
4135,-25
4136,11
4137,15
4138,13
4139,22
4140,14
4141,-3
4142,-3
4143,3
4144,8
4145,3
4146,6
4147,4
4148,7
4149,-36
4150,11
4151,10
4152,-10
4153,-9
4154,-20
4155,-5
4156,5
4157,9
4158,1
4159,10
4160,4
4161,3
4162,5
4163,1
4164,4
4165,19
4166,8
4167,14
4168,10
4169,-12
4170,12
4171,8
4172,-27
4173,-5
4174,14
4175,19
4176,6
4177,5
4178,10
4179,6
4180,28
4181,5
4182,-8
4183,8
4184,7
4185,1
4186,13
4187,7
4188,-2
4189,7
4190,-7
4191,7
4192,11
4193,-6
4194,-1
4195,4
4196,15
4197,5
4198,13
4199,-4
4200,-6
4201,18
4202,15
4203,-14
4204,19
4205,-4
4206,20
4207,14
4208,-4
4209,14
4210,1
4211,-27
4212,15
4213,12
4214,-8
4215,-4
4216,-16
4217,19
4218,14
4219,4
4220,4
4221,6
4222,-1
4223,-21
4224,-6
4225,1
4226,9
4227,3
4228,16
4229,16
4230,-12
4231,5
4232,24
4233,11
4234,23
4235,-12
4236,-1
4237,4
4238,24
4239,-2
4240,-10
4241,25
4242,-20
4243,-6
4244,22
4245,31
4246,-10
4247,10
4248,2
4249,9
4250,-17
4251,-2
4252,17
4253,20
4254,14
4255,-2
4256,10
4257,-9
4258,15
4259,13
4260,-3
4261,17
4262,2
4263,16
4264,15
4265,10
4266,11
4267,14
4268,2
4269,16
4270,14
4271,10
4272,1
4273,10
4274,-10
4275,22
4276,-7
4277,5
4278,15
4279,-1
4280,-4
4281,-5
4282,3
4283,26
4284,16
4285,16
4286,2
4287,11
4288,16
4289,13
4290,-16
4291,15
4292,3
4293,14
4294,4
4295,5
4296,16
4297,3
4298,11
4299,14
4300,-9
4301,-9
4302,15
4303,28
4304,22
4305,19
4306,-27
4307,14
4308,4
4309,14
4310,-7
4311,22
4312,4
4313,-6
4314,9
4315,-12
4316,11
4317,4
4318,14
4319,11
4320,17
4321,-4
4322,11
4323,-29
4324,21
4325,13
4326,16
4327,2
4328,6
4329,0
4330,-12
4331,10
4332,4
4333,-13
4334,-14
4335,6
4336,8
4337,15
4338,-22
4339,9
4340,-14
4341,14
4342,14
4343,-22
4344,27
4345,15
4346,25
4347,15
4348,-14
4349,4
4350,15
4351,18
4352,13
4353,-1
4354,-24
4355,5
4356,14
4357,9
4358,15
4359,-3
4360,14
4361,4
4362,-3
4363,-34
4364,23
4365,12
4366,0
4367,18
4368,-10
4369,20
4370,-18
4371,-3
4372,13
4373,7
4374,21
4375,8
4376,4
4377,14
4378,15
4379,0
4380,23
4381,-2
4382,-22
4383,-12
4384,16
4385,4
4386,10
4387,-6
4388,25
4389,19
4390,16
4391,7
4392,-2
4393,10
4394,16
4395,-3
4396,5
4397,6
4398,8
4399,15
4400,-23
4401,-22
4402,-31
4403,8
4404,-24
4405,2
4406,17
4407,1
4408,3
4409,1
4410,-16
4411,-17
4412,4
4413,2
4414,10
4415,-7
4416,17
4417,6
4418,26
4419,8
4420,9
4421,13
4422,-1
4423,12
4424,6
4425,6
4426,13
4427,6
4428,2
4429,-9
4430,5
4431,-1
4432,16
4433,11
4434,6
4435,13
4436,0
4437,-16
4438,14
4439,0
4440,-12
4441,13
4442,8
4443,13
4444,9
4445,-17
4446,3
4447,18
4448,-5
4449,-1
4450,19
4451,12
4452,10
4453,14
4454,4
4455,-5
4456,18
4457,18
4458,0
4459,18
4460,6
4461,23
4462,-36
4463,-18
4464,-17
4465,9
4466,6
4467,16
4468,-40
4469,-6
4470,-2
4471,26
4472,2
4473,27
4474,-15
4475,9
4476,-17
4477,27
4478,2
4479,27
4480,-10
4481,1
4482,-8
4483,-15
4484,-5
4485,22
4486,14
4487,-8
4488,7
4489,1
4490,5
4491,16
4492,-14
4493,-5
4494,16
4495,13
4496,-7
4497,11
4498,13
4499,-8
4500,19
4501,-30
4502,23
4503,14
4504,18
4505,-20
4506,24
4507,-19
4508,3
4509,5
4510,27
4511,1
4512,19
4513,9
4514,-1
4515,4
4516,-5
4517,-8
4518,13
4519,1
4520,-6
4521,11
4522,6
4523,-6
4524,31
4525,14
4526,20
4527,6
4528,-23
4529,-14
4530,4
4531,6
4532,16
4533,3
4534,7
4535,14
4536,-1
4537,-30
4538,0
4539,-4
4540,9
4541,-1
4542,6
4543,7
4544,16
4545,4
4546,23
4547,32
4548,-37
4549,-2
4550,22
4551,4
4552,18
4553,1
4554,2
4555,6
4556,18
4557,-11
4558,23
4559,3
4560,16
4561,-15
4562,5
4563,3
4564,-2
4565,7
4566,-24
4567,20
4568,1
4569,-1
4570,-12
4571,18
4572,5
4573,-9
4574,10
4575,-2
4576,26
4577,-5
4578,16
4579,13
4580,-2
4581,8
4582,8
4583,4
4584,-11
4585,27
4586,-20
4587,0
4588,-4
4589,-5
4590,8
4591,-12
4592,13
4593,2
4594,-25
4595,7
4596,-3
4597,24
4598,-14
4599,-10
4600,-18
4601,31
4602,9
4603,15
4604,-3
4605,7
4606,-26
4607,5
4608,-6
4609,-24
4610,-11
4611,-15
4612,11
4613,11
4614,15
4615,17
4616,-5
4617,9
4618,19
4619,1
4620,10
4621,-2
4622,0
4623,6
4624,-20
4625,-16
4626,6
4627,7
4628,6
4629,21
4630,8
4631,17
4632,-8
4633,11
4634,-8
4635,4
4636,-4
4637,5
4638,-3
4639,28
4640,-5
4641,9
4642,15
4643,-21
4644,3
4645,9
4646,13
4647,-6
4648,25
4649,-3
4650,7
4651,8
4652,-16
4653,11
4654,-14
4655,18
4656,5
4657,12
4658,-9
4659,2
4660,20
4661,-31
4662,15
4663,13
4664,-5
4665,6
4666,0
4667,17
4668,-5
4669,10
4670,-3
4671,-6
4672,3
4673,27
4674,-27
4675,4
4676,6
4677,-23
4678,7
4679,5
4680,6
4681,-11
4682,-9
4683,14
4684,-20
4685,11
4686,-16
4687,-12
4688,-3
4689,20
4690,-21
4691,-4
4692,14
4693,11
4694,11
4695,8
4696,16
4697,7
4698,7
4699,11
4700,15
4701,-21
4702,-3
4703,-9
4704,7
4705,3
4706,9
4707,0
4708,2
4709,13
4710,25
4711,7
4712,-28
4713,10
4714,3
4715,8
4716,10
4717,10
4718,19
4719,15
4720,-2
4721,2
4722,-12
4723,-1
4724,15
4725,-24
4726,5
4727,14
4728,0
4729,-15
4730,12
4731,29
4732,-15
4733,14
4734,-9
4735,-4
4736,24
4737,7
4738,1
4739,0
4740,5
4741,17
4742,-40
4743,21
4744,-6
4745,25
4746,-2
4747,2
4748,29
4749,22
4750,11
4751,8
4752,24
4753,16
4754,-9
4755,10
4756,14
4757,-25
4758,14
4759,-4
4760,13
4761,9
4762,8
4763,-3
4764,5
4765,10
4766,1
4767,12
4768,26
4769,3
4770,6
4771,6
4772,20
4773,-1
4774,10
4775,0
4776,7
4777,7
4778,8
4779,24
4780,32
4781,-33
4782,3
4783,1
4784,-13
4785,-11
4786,6
4787,24
4788,12
4789,10
4790,-8
4791,5
4792,9
4793,11
4794,12
4795,19
4796,9
4797,-17
4798,9
4799,-2
4800,-23
4801,-21
4802,15
4803,11
4804,14
4805,9
4806,3
4807,-12
4808,0
4809,13
4810,23
4811,22
4812,6
4813,-9
4814,19
4815,11
4816,5
4817,23
4818,-5
4819,20
4820,14
4821,12
4822,2
4823,0
4824,7
4825,17
4826,2
4827,7
4828,20
4829,20
4830,12
4831,24
4832,13
4833,-16
4834,7
4835,7
4836,2
4837,5
4838,-21
4839,11
4840,7
4841,-10
4842,8
4843,2
4844,-3
4845,-2
4846,-1
4847,19
4848,6
4849,12
4850,9
4851,1
4852,15
4853,-1
4854,0
4855,-2
4856,-15
4857,-7
4858,5
4859,7
4860,21
4861,9
4862,-1
4863,-2
4864,-6
4865,11
4866,-5
4867,9
4868,18
4869,-12
4870,-26
4871,15
4872,2
4873,22
4874,9
4875,28
4876,-17
4877,13
4878,-8
4879,6
4880,8
4881,6
4882,-7
4883,8
4884,-8
4885,-9
4886,12
4887,17
4888,10
4889,-17
4890,-2
4891,-7
4892,5
4893,-16
4894,-8
4895,1
4896,4
4897,-3
4898,8
4899,7
4900,1
4901,3
4902,-1
4903,-2
4904,9
4905,11
4906,18
4907,9
4908,15
4909,-19
4910,4
4911,4
4912,7
4913,1
4914,11
4915,-8
4916,-1
4917,5
4918,1
4919,21
4920,8
4921,-9
4922,-3
4923,9
4924,-10
4925,-14
4926,-1
4927,8
4928,7
4929,-11
4930,3
4931,-11
4932,-11
4933,8
4934,-12
4935,-7
4936,-1
4937,-1
4938,-16
4939,10
4940,-31
4941,12
4942,-2
4943,9
4944,0
4945,8
4946,-18
4947,11
4948,13
4949,9
4950,14
4951,24
4952,8
4953,13
4954,17
4955,2
4956,-8
4957,-19
4958,-1
4959,6
4960,13
4961,12
4962,12
4963,-3
4964,-2
4965,18
4966,24
4967,-14
4968,-22
4969,1
4970,2
4971,-10
4972,-3
4973,16
4974,23
4975,13
4976,13
4977,22
4978,16
4979,-28
4980,14
4981,5
4982,19
4983,17
4984,8
4985,13
4986,5
4987,-8
4988,8
4989,16
4990,-17
4991,2
4992,22
4993,-2
4994,-7
4995,-42
4996,12
4997,-33
4998,12
4999,24
5000,5
5001,-18
5002,9
5003,13
5004,-3
5005,13
5006,23
5007,-2
5008,0
5009,-5
5010,3
5011,-1
5012,6
5013,0
5014,16
5015,11
5016,24
5017,-1
5018,9
5019,18
5020,2
5021,20
5022,-19
5023,9
5024,4
5025,3
5026,1
5027,18
5028,4
5029,3
5030,11
5031,-6
5032,19
5033,2
5034,5
5035,10
5036,5
5037,7
5038,26
5039,1
5040,-8
5041,-2
5042,16
5043,-28
5044,0
5045,8
5046,11
5047,-17
5048,0
5049,2
5050,16
5051,-21
5052,6
5053,2
5054,9
5055,5
5056,13
5057,15
5058,-3
5059,-24
5060,-8
5061,9
5062,3
5063,20
5064,7
5065,8
5066,-12
5067,17
5068,14
5069,13
5070,14
5071,-1
5072,0
5073,-12
5074,3
5075,20
5076,-9
5077,28
5078,-38
5079,4
5080,-4
5081,6
5082,15
5083,11
5084,21
5085,-1
5086,10
5087,16
5088,-2
5089,-5
5090,10
5091,15
5092,1
5093,6
5094,-8
5095,4
5096,16
5097,16
5098,6
5099,14
5100,-20
5101,15
5102,-1
5103,-16
5104,12
5105,4
5106,17
5107,4
5108,16
5109,3
5110,3
5111,-2
5112,14
5113,0
5114,9
5115,-12
5116,3
5117,16
5118,7
5119,10
5120,23
5121,-10
5122,19
5123,20
5124,-3
5125,-43
5126,5
5127,12
5128,11
5129,18
5130,28
5131,-23
5132,-3
5133,4
5134,-8
5135,19
5136,5
5137,8
5138,2
5139,12
5140,8
5141,-2
5142,-6
5143,-10
5144,-3
5145,4
5146,4
5147,-7
5148,17
5149,23
5150,9
5151,-6
5152,7
5153,-8
5154,16
5155,10
5156,-17
5157,11
5158,2
5159,21
5160,1
5161,13
5162,5
5163,3
5164,13
5165,14
5166,2
5167,25
5168,9
5169,-5
5170,-5
5171,13
5172,-25
5173,22
5174,-5
5175,33
5176,6
5177,3
5178,-3
5179,-8
5180,-7
5181,13
5182,13
5183,0
5184,-6
5185,24
5186,29
5187,-17
5188,10
5189,-3
5190,-3
5191,13
5192,18
5193,-7
5194,-24
5195,15
5196,11
5197,10
5198,15
5199,22
5200,-22
5201,7
5202,14
5203,-2
5204,-4
5205,10
5206,-1
5207,6
5208,2
5209,13
5210,20
5211,6
5212,-12
5213,18
5214,4
5215,-27
5216,15
5217,24
5218,23
5219,-4
5220,15
5221,2
5222,29
5223,-6
5224,1
5225,-2
5226,5
5227,18
5228,1
5229,-11
5230,6
5231,10
5232,4
5233,13
5234,-5
5235,1
5236,30
5237,-9
5238,-7
5239,14
5240,-22
5241,14
5242,-8
5243,4
5244,12
5245,-36
5246,-2
5247,8
5248,-12
5249,15
5250,21
5251,9
5252,17
5253,15
5254,5
5255,8
5256,13
5257,11
5258,22
5259,-19
5260,-1
5261,-2
5262,14
5263,13
5264,6
5265,22
5266,3
5267,-1
5268,3
5269,-24
5270,-1
5271,-7
5272,-9
5273,19
5274,24
5275,-4
5276,10
5277,-2
5278,-3
5279,-2
5280,15
5281,10
5282,7
5283,12
5284,-8
5285,12
5286,3
5287,13
5288,15
5289,8
5290,14
5291,27
5292,15
5293,19
5294,-10
5295,6
5296,15
5297,20
5298,9
5299,9
5300,15
5301,-3
5302,-14
5303,-3
5304,18
5305,9
5306,16
5307,22
5308,6
5309,-3
5310,-5
5311,14
5312,-10
5313,-21
5314,-19
5315,14
5316,-8
5317,15
5318,3
5319,11
5320,6
5321,27
5322,3
5323,10
5324,9
5325,12
5326,-13
5327,-1
5328,-7
5329,-15
5330,5
5331,10
5332,15
5333,-19
5334,1
5335,9
5336,11
5337,1
5338,12
5339,-2
5340,14
5341,9
5342,-9
5343,13
5344,8
5345,5
5346,16
5347,-3
5348,15
5349,0
5350,7
5351,14
5352,8
5353,5
5354,22
5355,-5
5356,-31
5357,20
5358,4
5359,15
5360,-9
5361,2
5362,0
5363,23
5364,10
5365,4
5366,6
5367,-23
5368,-2
5369,-4
5370,2
5371,4
5372,13
5373,11
5374,6
5375,9
5376,8
5377,17
5378,8
5379,13
5380,16
5381,-14
5382,9
5383,19
5384,4
5385,4
5386,9
5387,3
5388,7
5389,6
5390,21
5391,14
5392,2
5393,13
5394,0
5395,10
5396,-45
5397,-18
5398,11
5399,-10
5400,21
5401,4
5402,-8
5403,-22
5404,-27
5405,-7
5406,-19
5407,11
5408,-11
5409,-1
5410,-1
5411,-38
5412,-8
5413,20
5414,-6
5415,5
5416,17
5417,12
5418,-3
5419,18
5420,-28
5421,5
5422,-2
5423,-14
5424,-7
5425,13
5426,-4
5427,-2
5428,13
5429,-14
5430,7
5431,-7
5432,4
5433,5
5434,13
5435,26
5436,-4
5437,7
5438,5
5439,15
5440,9
5441,5
5442,11
5443,14
5444,11
5445,-28
5446,-20
5447,11
5448,18
5449,-17
5450,7
5451,6
5452,-7
5453,8
5454,-21
5455,-4
5456,-15
5457,14
5458,-10
5459,-4
5460,11
5461,18
5462,9
5463,14
5464,5
5465,7
5466,-18
5467,7
5468,-15
5469,14
5470,-9
5471,24
5472,-7
5473,-36
5474,-16
5475,-12
5476,-9
5477,-23
5478,21
5479,26
5480,31
5481,6
5482,21
5483,0
5484,19
5485,5
5486,2
5487,4
5488,-11
5489,22
5490,6
5491,25
5492,-21
5493,14
5494,19
5495,25
5496,-16
5497,4
5498,7
5499,22
5500,5
5501,5
5502,-4
5503,11
5504,-31
5505,-24
5506,-6
5507,4
5508,30
5509,20
5510,2
5511,11
5512,12
5513,-17
5514,19
5515,-5
5516,-2
5517,0
5518,1
5519,9
5520,-8
5521,16
5522,-9
5523,-10
5524,3
5525,26
5526,26
5527,16
5528,5
5529,5
5530,-5
5531,36
5532,-12
5533,29
5534,13
5535,-30
5536,16
5537,-8
5538,6
5539,4
5540,2
5541,-8
5542,11
5543,-26
5544,10
5545,1
5546,-17
5547,4
5548,-2
5549,11
5550,-4
5551,-3
5552,4
5553,4
5554,4
5555,22
5556,20
5557,-6
5558,6
5559,4
5560,11
5561,-5
5562,26
5563,15
5564,4
5565,-9
5566,-5
5567,5
5568,14
5569,5
5570,20
5571,16
5572,-2
5573,0
5574,9
5575,2
5576,3
5577,18
5578,9
5579,4
5580,19
5581,18
5582,26
5583,-1
5584,2
5585,-11
5586,-1
5587,10
5588,13
5589,-2
5590,4
5591,18
5592,-12
5593,13
5594,4
5595,7
5596,-18
5597,18
5598,14
5599,-13
5600,6
5601,10
5602,14
5603,11
5604,23
5605,6
5606,-1
5607,11
5608,21
5609,-12
5610,13
5611,11
5612,0
5613,3
5614,14
5615,-1
5616,13
5617,3
5618,17
5619,0
5620,6
5621,23
5622,24
5623,15
5624,17
5625,3
5626,13
5627,17
5628,2
5629,-3
5630,6
5631,-3
5632,-4
5633,-1
5634,4
5635,9
5636,-6
5637,6
5638,7
5639,7
5640,11
5641,1
5642,22
5643,1
5644,2
5645,15
5646,9
5647,-16
5648,13
5649,17
5650,0
5651,11
5652,9
5653,-8
5654,-2
5655,9
5656,0
5657,9
5658,-12
5659,13
5660,12
5661,-6
5662,10
5663,13
5664,20
5665,11
5666,-9
5667,18
5668,-4
5669,-8
5670,-11
5671,6
5672,-16
5673,-5
5674,7
5675,19
5676,-1
5677,-6
5678,0
5679,14
5680,8
5681,25
5682,3
5683,-23
5684,0
5685,-6
5686,14
5687,-6
5688,26
5689,-19
5690,-8
5691,-9
5692,-8
5693,2
5694,2
5695,10
5696,-19
5697,24
5698,-4
5699,5
5700,9
5701,4
5702,-24
5703,9
5704,-8
5705,8
5706,5
5707,16
5708,-13
5709,7
5710,2
5711,25
5712,-23
5713,-2
5714,-1
5715,-11
5716,7
5717,25
5718,-1
5719,9
5720,-5
5721,5
5722,-3
5723,2
5724,9
5725,21
5726,3
5727,7
5728,19
5729,0
5730,6
5731,0
5732,8
5733,14
5734,18
5735,15
5736,-2
5737,9
5738,-1
5739,21
5740,12
5741,16
5742,-20
5743,9
5744,-1
5745,3
5746,-28
5747,-27
5748,-1
5749,19
5750,-8
5751,23
5752,-3
5753,-4
5754,-16
5755,-1
5756,9
5757,2
5758,6
5759,17
5760,5
5761,-5
5762,6
5763,21
5764,-2
5765,-12
5766,13
5767,-21
5768,13
5769,18
5770,2
5771,3
5772,-8
5773,20
5774,-1
5775,0
5776,20
5777,11
5778,11
5779,-4
5780,-2
5781,2
5782,9
5783,5
5784,6
5785,0
5786,17
5787,2
5788,-18
5789,9
5790,22
5791,13
5792,27
5793,-22
5794,8
5795,23
5796,-22
5797,9
5798,13
5799,1
5800,23
5801,8
5802,3
5803,-19
5804,1
5805,11
5806,-9
5807,9
5808,-8
5809,7
5810,-19
5811,4
5812,-4
5813,22
5814,3
5815,-16
5816,9
5817,14
5818,24
5819,29
5820,-22
5821,10
5822,12
5823,16
5824,10
5825,-11
5826,18
5827,2
5828,27
5829,8
5830,-24
5831,-32
5832,4
5833,4
5834,10
5835,-31
5836,2
5837,15
5838,18
5839,-34
5840,15
5841,12
5842,-6
5843,-16
5844,16
5845,-2
5846,18
5847,-11
5848,10
5849,13
5850,-12
5851,19
5852,4
5853,-26
5854,3
5855,26
5856,5
5857,3
5858,6
5859,12
5860,10
5861,-1
5862,10
5863,-11
5864,-1
5865,21
5866,20
5867,12
5868,15
5869,16
5870,-12
5871,3
5872,1
5873,-13
5874,5
5875,15
5876,0
5877,9
5878,10
5879,9
5880,30
5881,-15
5882,-34
5883,7
5884,12
5885,20
5886,14
5887,-7
5888,-29
5889,10
5890,5
5891,-7
5892,1
5893,22
5894,10
5895,-6
5896,-22
5897,-3
5898,-17
5899,3
5900,25
5901,-1
5902,13
5903,4
5904,-8
5905,19
5906,6
5907,-5
5908,12
5909,3
5910,-10
5911,-1
5912,-25
5913,24
5914,3
5915,0
5916,9
5917,4
5918,8
5919,9
5920,11
5921,20
5922,17
5923,-15
5924,17
5925,-5
5926,-2
5927,-25
5928,29
5929,2
5930,9
5931,-3
5932,8
5933,-1
5934,-7
5935,24
5936,14
5937,15
5938,13
5939,4
5940,-3
5941,11
5942,-8
5943,3
5944,11
5945,5
5946,14
5947,14
5948,5
5949,12
5950,-2
5951,9
5952,-6
5953,17
5954,-4
5955,1
5956,15
5957,7
5958,-14
5959,10
5960,-22
5961,13
5962,7
5963,6
5964,12
5965,4
5966,-1
5967,6
5968,6
5969,15
5970,-4
5971,-5
5972,17
5973,6
5974,-7
5975,2
5976,-1
5977,-7
5978,-1
5979,13
5980,2
5981,3
5982,5
5983,16
5984,-11
5985,15
5986,-6
5987,-7
5988,-14
5989,25
5990,-12
5991,-23
5992,-14
5993,9
5994,-15
5995,-1
5996,-24
5997,24
5998,-2
5999,23
6000,3
6001,-3
6002,-1
6003,-6
6004,13
6005,8
6006,5
6007,-32
6008,8
6009,9
6010,24
6011,5
6012,-1
6013,14
6014,-29
6015,10
6016,20
6017,10
6018,-18
6019,11
6020,14
6021,14
6022,-6
6023,20
6024,-40
6025,5
6026,-22
6027,2
6028,-13
6029,2
6030,-7
6031,-6
6032,18
6033,23
6034,-22
6035,1
6036,8
6037,0
6038,6
6039,7
6040,4
6041,16
6042,-6
6043,-6
6044,5
6045,-3
6046,-15
6047,0
6048,11
6049,24
6050,13
6051,13
6052,-5
6053,24
6054,24
6055,-43
6056,-26
6057,7
6058,23
6059,17
6060,9
6061,-12
6062,-36
6063,5
6064,14
6065,-2
6066,-3
6067,0
6068,17
6069,12
6070,19
6071,-13
6072,17
6073,14
6074,11
6075,5
6076,13
6077,-14
6078,7
6079,-4
6080,19
6081,-17
6082,12
6083,3
6084,11
6085,9
6086,0
6087,-3
6088,14
6089,21
6090,15
6091,26
6092,-6
6093,-21
6094,12
6095,9
6096,-23
6097,27
6098,-22
6099,1
6100,-2
6101,8
6102,18
6103,23
6104,12
6105,6
6106,6
6107,-41
6108,9
6109,8
6110,11
6111,-9
6112,-13
6113,6
6114,-8
6115,7
6116,15
6117,1
6118,-22
6119,1
6120,22
6121,-1
6122,17
6123,13
6124,9
6125,-4
6126,24
6127,-32
6128,15
6129,-10
6130,-15
6131,-6
6132,-1
6133,7
6134,0
6135,22
6136,12
6137,26
6138,-15
6139,-6
6140,-7
6141,17
6142,-43
6143,-3
6144,-20
6145,22
6146,1
6147,1
6148,9
6149,2
6150,13
6151,-13
6152,15
6153,4
6154,-16
6155,14
6156,-2
6157,3
6158,-7
6159,2
6160,11
6161,17
6162,-3
6163,19
6164,-18
6165,1
6166,1
6167,11
6168,9
6169,1
6170,20
6171,-18
6172,5
6173,-25
6174,8
6175,1
6176,-24
6177,2
6178,-4
6179,11
6180,10
6181,-3
6182,12
6183,32
6184,17
6185,13
6186,8
6187,-13
6188,10
6189,6
6190,15
6191,16
6192,12
6193,-3
6194,3
6195,5
6196,34
6197,9
6198,8
6199,9
6200,12
6201,-4
6202,10
6203,14
6204,25
6205,2
6206,-2
6207,14
6208,1
6209,6
6210,-5
6211,4
6212,-19
6213,13
6214,8
6215,2
6216,23
6217,10
6218,15
6219,2
6220,-1
6221,15
6222,-2
6223,1
6224,0
6225,7
6226,12
6227,7
6228,0
6229,10
6230,16
6231,26
6232,7
6233,14
6234,-12
6235,26
6236,13
6237,4
6238,6
6239,5
6240,2
6241,7
6242,-5
6243,-26
6244,12
6245,-8
6246,-20
6247,0
6248,15
6249,8
6250,11
6251,8
6252,3
6253,24
6254,21
6255,5
6256,6
6257,15
6258,6
6259,16
6260,-6
6261,5
6262,3
6263,-6
6264,4
6265,12
6266,22
6267,-2
6268,-26
6269,-19
6270,4
6271,4
6272,12
6273,-3
6274,-13
6275,18
6276,7
6277,13
6278,13
6279,11
6280,10
6281,12
6282,-5
6283,-16
6284,-14
6285,14
6286,0
6287,-19
6288,18
6289,-19
6290,-16
6291,6
6292,-6
6293,18
6294,4
6295,-4
6296,14
6297,11
6298,-3
6299,-11
6300,20
6301,-3
6302,-10
6303,23
6304,-11
6305,-3
6306,-13
6307,2
6308,18
6309,5
6310,15
6311,8
6312,8
6313,20
6314,10
6315,8
6316,14
6317,3
6318,4
6319,13
6320,10
6321,-1
6322,-7
6323,7
6324,7
6325,-1
6326,-12
6327,-12
6328,-2
6329,14
6330,7
6331,10
6332,-5
6333,14
6334,-17
6335,-8
6336,6
6337,16
6338,1
6339,-17
6340,2
6341,18
6342,-21
6343,10
6344,11
6345,-4
6346,22
6347,17
6348,8
6349,-7
6350,-23
6351,9
6352,-5
6353,8
6354,22
6355,6
6356,-3
6357,-2
6358,34
6359,-1
6360,8
6361,12
6362,-5
6363,8
6364,-5
6365,-15
6366,9
6367,17
6368,7
6369,20
6370,3
6371,-4
6372,16
6373,-16
6374,16
6375,8
6376,18
6377,-8
6378,1
6379,-14
6380,-25
6381,-9
6382,15
6383,14
6384,15
6385,10
6386,15
6387,-15
6388,8
6389,2
6390,3
6391,-22
6392,-4
6393,6
6394,14
6395,0
6396,-13
6397,13
6398,8
6399,1
6400,-1
6401,-10
6402,8
6403,-2
6404,-12
6405,-3
6406,15
6407,-4
6408,9
6409,20
6410,25
6411,10
6412,16
6413,15
6414,-40
6415,16
6416,15
6417,9
6418,-17
6419,10
6420,-9
6421,7
6422,8
6423,-6
6424,-10
6425,23
6426,8
6427,14
6428,-8
6429,2
6430,-10
6431,0
6432,-8
6433,11
6434,4
6435,12
6436,-17
6437,13
6438,16
6439,-33
6440,21
6441,-9
6442,-22
6443,13
6444,-5
6445,4
6446,9
6447,4
6448,6
6449,8
6450,1
6451,11
6452,-14
6453,-22
6454,4
6455,6
6456,4
6457,8
6458,-10
6459,-5
6460,0
6461,-12
6462,7
6463,-11
6464,-8
6465,5
6466,23
6467,5
6468,1
6469,6
6470,1
6471,17
6472,-16
6473,-26
6474,-13
6475,-9
6476,-1
6477,-9
6478,16
6479,19
6480,1
6481,8
6482,2
6483,1
6484,4
6485,6
6486,24
6487,3
6488,15
6489,27
6490,10
6491,11
6492,-8
6493,6
6494,4
6495,0
6496,-31
6497,16
6498,6
6499,2
6500,18
6501,-19
6502,-28
6503,-7
6504,17
6505,-1
6506,-6
6507,15
6508,0
6509,-31
6510,-9
6511,10
6512,1
6513,9
6514,13
6515,24
6516,-13
6517,13
6518,6
6519,5
6520,12
6521,8
6522,-2
6523,-9
6524,0
6525,-20
6526,7
6527,12
6528,11
6529,1
6530,-1
6531,-19
6532,-5
6533,8
6534,-4
6535,12
6536,6
6537,5
6538,0
6539,9
6540,12
6541,0
6542,4
6543,15
6544,8
6545,-1
6546,-11
6547,18
6548,5
6549,20
6550,3
6551,-39
6552,8
6553,-7
6554,-4
6555,-28
6556,5
6557,29
6558,10
6559,6
6560,-7
6561,19
6562,5
6563,0
6564,9
6565,-12
6566,-38
6567,-2
6568,22
6569,-17
6570,9
6571,10
6572,19
6573,6
6574,14
6575,2
6576,-2
6577,22
6578,10
6579,3
6580,20
6581,16
6582,12
6583,-6
6584,11
6585,3
6586,13
6587,16
6588,-40
6589,-17
6590,15
6591,11
6592,-5
6593,7
6594,15
6595,2
6596,14
6597,21
6598,-7
6599,-16
6600,0
6601,4
6602,20
6603,3
6604,6
6605,8
6606,-11
6607,-9
6608,4
6609,10
6610,19
6611,-3
6612,5
6613,6
6614,-5
6615,5
6616,5
6617,-22
6618,-27
6619,14
6620,16
6621,1
6622,-25
6623,-2
6624,-8
6625,8
6626,10
6627,0
6628,-6
6629,10
6630,-25
6631,16
6632,-7
6633,-1
6634,-17
6635,22
6636,9
6637,10
6638,4
6639,-2
6640,10
6641,-12
6642,17
6643,18
6644,-10
6645,-6
6646,-9
6647,23
6648,20
6649,-2
6650,10
6651,5
6652,3
6653,-14
6654,10
6655,6
6656,12
6657,-8
6658,6
6659,20
6660,-4
6661,15
6662,24
6663,26
6664,-1
6665,2
6666,7
6667,16
6668,-11
6669,19
6670,25
6671,13
6672,-13
6673,-7
6674,6
6675,3
6676,-16
6677,9
6678,11
6679,-1
6680,-18
6681,-2
6682,6
6683,11
6684,9
6685,4
6686,20
6687,10
6688,-5
6689,5
6690,-11
6691,19
6692,21
6693,16
6694,6
6695,-12
6696,-19
6697,-3
6698,12
6699,18
6700,15
6701,-8
6702,-1
6703,3
6704,9
6705,3
6706,8
6707,26
6708,11
6709,3
6710,-24
6711,-3
6712,-17
6713,-10
6714,0
6715,11
6716,14
6717,-20
6718,8
6719,5
6720,14
6721,5
6722,14
6723,0
6724,0
6725,1
6726,-33
6727,-11
6728,19
6729,11
6730,14
6731,14
6732,-1
6733,2
6734,8
6735,4
6736,-6
6737,29
6738,22
6739,0
6740,10
6741,-10
6742,13
6743,24
6744,5
6745,19
6746,13
6747,6
6748,6
6749,14
6750,3
6751,2
6752,8
6753,13
6754,-21
6755,6
6756,8
6757,11
6758,13
6759,23
6760,-14
6761,-29
6762,11
6763,6
6764,1
6765,-24
6766,18
6767,7
6768,4
6769,24
6770,14
6771,0
6772,10
6773,-12
6774,6
6775,14
6776,-1
6777,-14
6778,18
6779,9
6780,5
6781,-14
6782,7
6783,5
6784,-9
6785,23
6786,-11
6787,24
6788,-7
6789,2
6790,14
6791,9
6792,-25
6793,-6
6794,-8
6795,-2
6796,15
6797,20
6798,-13
6799,-10
6800,18
6801,10
6802,10
6803,24
6804,15
6805,7
6806,32
6807,19
6808,17
6809,-12
6810,17
6811,14
6812,-1
6813,15
6814,-34
6815,-6
6816,14
6817,-31
6818,-14
6819,15
6820,-14
6821,1
6822,25
6823,22
6824,15
6825,-11
6826,15
6827,19
6828,-8
6829,26
6830,5
6831,11
6832,7
6833,21
6834,-26
6835,9
6836,-1
6837,-7
6838,14
6839,27
6840,24
6841,-17
6842,-3
6843,31
6844,12
6845,4
6846,-11
6847,14
6848,7
6849,-11
6850,10
6851,17
6852,-13
6853,-9
6854,-10
6855,14
6856,13
6857,14
6858,-4
6859,-2
6860,-1
6861,4
6862,-4
6863,1
6864,-21
6865,14
6866,14
6867,28
6868,20
6869,-8
6870,-16
6871,9
6872,-5
6873,-32
6874,17
6875,10
6876,9
6877,10
6878,1
6879,28
6880,3
6881,6
6882,5
6883,-27
6884,-22
6885,8
6886,15
6887,19
6888,10
6889,-3
6890,13
6891,-30
6892,2
6893,-3
6894,23
6895,12
6896,15
6897,-20
6898,29
6899,8
6900,9
6901,4
6902,8
6903,9
6904,7
6905,-9
6906,9
6907,14
6908,-21
6909,27
6910,0
6911,-12
6912,-8
6913,-20
6914,6
6915,-4
6916,10
6917,1
6918,1
6919,23
6920,11
6921,-6
6922,-30
6923,13
6924,-12
6925,-2
6926,-6
6927,7
6928,9
6929,3
6930,14
6931,9
6932,-1
6933,6
6934,8
6935,-19
6936,-17
6937,7
6938,7
6939,15
6940,5
6941,-15
6942,0
6943,-11
6944,13
6945,18
6946,19
6947,-3
6948,6
6949,5
6950,-3
6951,12
6952,16
6953,9
6954,8
6955,5
6956,10
6957,-1
6958,10
6959,-2
6960,10
6961,21
6962,13
6963,-3
6964,0
6965,4
6966,4
6967,11
6968,-8
6969,-13
6970,-20
6971,10
6972,-32
6973,-21
6974,-3
6975,-23
6976,6
6977,11
6978,3
6979,5
6980,6
6981,-5
6982,6
6983,16
6984,22
6985,9
6986,14
6987,1
6988,21
6989,8
6990,-30
6991,9
6992,10
6993,-4
6994,19
6995,4
6996,26
6997,17
6998,15
6999,8
7000,19
7001,10
7002,-2
7003,6
7004,12
7005,12
7006,8
7007,8
7008,-11
7009,10
7010,4
7011,-10
7012,-2
7013,-5
7014,26
7015,4
7016,8
7017,5
7018,9
7019,22
7020,-14
7021,11
7022,5
7023,-31
7024,6
7025,-38
7026,12
7027,12
7028,4
7029,5
7030,6
7031,-8
7032,-7
7033,15
7034,5
7035,5
7036,7
7037,17
7038,-12
7039,-7
7040,21
7041,5
7042,-5
7043,16
7044,21
7045,-2
7046,10
7047,4
7048,16
7049,18
7050,-1
7051,12
7052,-5
7053,22
7054,18
7055,-22
7056,14
7057,9
7058,1
7059,1
7060,-20
7061,-4
7062,6
7063,2
7064,4
7065,6
7066,5
7067,13
7068,-2
7069,22
7070,8
7071,7
7072,-15
7073,14
7074,12
7075,-47
7076,15
7077,23
7078,20
7079,21
7080,-28
7081,2
7082,3
7083,8
7084,-23
7085,-3
7086,6
7087,16
7088,7
7089,14
7090,15
7091,7
7092,-6
7093,20
7094,4
7095,11
7096,0
7097,10
7098,-5
7099,6
7100,18
7101,14
7102,0
7103,19
7104,10
7105,10
7106,16
7107,27
7108,7
7109,3
7110,20
7111,12
7112,2
7113,-4
7114,19
7115,-12
7116,20
7117,17
7118,-11
7119,23
7120,-1
7121,-39
7122,3
7123,3
7124,19
7125,15
7126,-5
7127,-2
7128,16
7129,22
7130,6
7131,-27
7132,16
7133,-1
7134,-5
7135,-14
7136,6
7137,-3
7138,25
7139,17
7140,-9
7141,10
7142,-35
7143,13
7144,-2
7145,6
7146,17
7147,-10
7148,14
7149,-6
7150,13
7151,10
7152,6
7153,4
7154,3
7155,7
7156,-22
7157,13
7158,10
7159,19
7160,0
7161,-3
7162,24
7163,12
7164,9
7165,-14
7166,-21
7167,20
7168,-12
7169,26
7170,-3
7171,-13
7172,11
7173,10
7174,-10
7175,0
7176,3
7177,-7
7178,7
7179,19
7180,19
7181,16
7182,-7
7183,-12
7184,10
7185,-9
7186,2
7187,-17
7188,-7
7189,18
7190,8
7191,-11
7192,-21
7193,18
7194,16
7195,9
7196,-7
7197,9
7198,5
7199,8
7200,-20
7201,-5
7202,18
7203,-3
7204,17
7205,1
7206,-9
7207,16
7208,5
7209,14
7210,10
7211,11
7212,11
7213,15
7214,5
7215,-21
7216,1
7217,-5
7218,-12
7219,15
7220,5
7221,-1
7222,11
7223,4
7224,9
7225,9
7226,-2
7227,9
7228,-6
7229,-19
7230,20
7231,-2
7232,-13
7233,-12
7234,12
7235,18
7236,1
7237,2
7238,-3
7239,11
7240,3
7241,-7
7242,9
7243,5
7244,20
7245,16
7246,20
7247,16
7248,10
7249,21
7250,18
7251,-4
7252,-8
7253,12
7254,-27
7255,10
7256,-15
7257,21
7258,-2
7259,-10
7260,6
7261,-4
7262,-4
7263,7
7264,-5
7265,8
7266,-12
7267,-30
7268,-10
7269,17
7270,15
7271,-1
7272,-36
7273,1
7274,12
7275,16
7276,5
7277,19
7278,13
7279,10
7280,10
7281,6
7282,-27
7283,-7
7284,-13
7285,-11
7286,13
7287,-19
7288,19
7289,17
7290,11
7291,20
7292,3
7293,-2
7294,1
7295,6
7296,15
7297,4
7298,-3
7299,20
7300,-20
7301,-2
7302,2
7303,1
7304,0
7305,-17
7306,11
7307,12
7308,-9
7309,-6
7310,21
7311,18
7312,21
7313,-21
7314,-13
7315,-17
7316,7
7317,10
7318,2
7319,-3
7320,-4
7321,-24
7322,13
7323,16
7324,-1
7325,7
7326,15
7327,18
7328,-17
7329,10
7330,-13
7331,6
7332,23
7333,13
7334,-2
7335,9
7336,20
7337,-26
7338,-24
7339,8
7340,-7
7341,1
7342,18
7343,4
7344,8
7345,7
7346,18
7347,9
7348,-1
7349,10
7350,-3
7351,6
7352,-13
7353,-20
7354,10
7355,15
7356,7
7357,15
7358,15
7359,-7
7360,-12
7361,13
7362,10
7363,19
7364,1
7365,19
7366,-23
7367,10
7368,12
7369,10
7370,20
7371,5
7372,21
7373,14
7374,-15
7375,-2
7376,16
7377,-13
7378,18
7379,7
7380,-8
7381,16
7382,26
7383,-5
7384,1
7385,6
7386,9
7387,10
7388,15
7389,17
7390,7
7391,12
7392,13
7393,5
7394,13
7395,7
7396,10
7397,-8
7398,-4
7399,21
7400,-15
7401,9
7402,12
7403,8
7404,-7
7405,9
7406,25
7407,0
7408,-10
7409,-14
7410,27
7411,12
7412,1
7413,14
7414,-20
7415,15
7416,12
7417,26
7418,20
7419,-20
7420,9
7421,9
7422,4
7423,26
7424,13
7425,16
7426,11
7427,-21
7428,18
7429,10
7430,-14
7431,-5
7432,20
7433,9
7434,-17
7435,22
7436,19
7437,11
7438,27
7439,5
7440,-11
7441,-4
7442,3
7443,21
7444,4
7445,6
7446,10
7447,11
7448,15
7449,-7
7450,-2
7451,14
7452,3
7453,22
7454,-3
7455,34
7456,19
7457,-3
7458,7
7459,10
7460,9
7461,-1
7462,-3
7463,28
7464,3
7465,18
7466,11
7467,-24
7468,14
7469,17
7470,8
7471,17
7472,28
7473,32
7474,7
7475,-7
7476,10
7477,-1
7478,6
7479,14
7480,4
7481,24
7482,15
7483,1
7484,-5
7485,27
7486,7
7487,8
7488,6
7489,17
7490,16
7491,19
7492,-19
7493,3
7494,-22
7495,-13
7496,4
7497,-20
7498,16
7499,-2
7500,8
7501,-4
7502,12
7503,4
7504,3
7505,-33
7506,21
7507,-26
7508,7
7509,-3
7510,8
7511,11
7512,-10
7513,-1
7514,22
7515,4
7516,7
7517,20
7518,10
7519,2
7520,26
7521,-2
7522,15
7523,-6
7524,-5
7525,-6
7526,2
7527,9
7528,-13
7529,21
7530,3
7531,5
7532,0
7533,-2
7534,3
7535,-15
7536,12
7537,10
7538,14
7539,-12
7540,0
7541,4
7542,-10
7543,-3
7544,-12
7545,7
7546,11
7547,3
7548,6
7549,19
7550,19
7551,22
7552,5
7553,7
7554,4
7555,-31
7556,32
7557,13
7558,18
7559,31
7560,-3
7561,-39
7562,20
7563,17
7564,-14
7565,-7
7566,15
7567,11
7568,10
7569,2
7570,6
7571,4
7572,11
7573,-3
7574,-21
7575,6
7576,8
7577,-19
7578,10
7579,-15
7580,8
7581,6
7582,6
7583,7
7584,-17
7585,2
7586,-13
7587,4
7588,-7
7589,2
7590,8
7591,-4
7592,17
7593,16
7594,7
7595,12
7596,7
7597,-9
7598,12
7599,6
7600,-10
7601,-5
7602,6
7603,9
7604,7
7605,-3
7606,14
7607,11
7608,7
7609,-8
7610,3
7611,-7
7612,-3
7613,0
7614,18
7615,-7
7616,16
7617,-1
7618,15
7619,19
7620,27
7621,-2
7622,25
7623,16
7624,-2
7625,-4
7626,16
7627,15
7628,20
7629,24
7630,13
7631,3
7632,-7
7633,6
7634,5
7635,7
7636,3
7637,0
7638,7
7639,-35
7640,1
7641,9
7642,-5
7643,-28
7644,3
7645,-16
7646,-9
7647,6
7648,3
7649,2
7650,16
7651,-5
7652,25
7653,3
7654,-11
7655,3
7656,16
7657,7
7658,13
7659,17
7660,10
7661,-21
7662,1
7663,-9
7664,-24
7665,-10
7666,7
7667,-15
7668,5
7669,-8
7670,-12
7671,5
7672,24
7673,0
7674,12
7675,5
7676,-2
7677,-1
7678,13
7679,-3
7680,14
7681,5
7682,17
7683,10
7684,20
7685,-25
7686,-17
7687,-2
7688,18
7689,2
7690,17
7691,4
7692,2
7693,0
7694,9
7695,16
7696,20
7697,1
7698,27
7699,-2
7700,25
7701,1
7702,23
7703,-16
7704,7
7705,12
7706,-3
7707,-5
7708,-4
7709,-6
7710,-16
7711,13
7712,-4
7713,-6
7714,10
7715,-24
7716,-7
7717,11
7718,-12
7719,-10
7720,-3
7721,8
7722,29
7723,9
7724,14
7725,21
7726,1
7727,4
7728,8
7729,-5
7730,8
7731,3
7732,-16
7733,-11
7734,25
7735,0
7736,6
7737,-32
7738,12
7739,2
7740,9
7741,17
7742,22
7743,8
7744,19
7745,7
7746,-3
7747,-13
7748,-13
7749,-12
7750,6
7751,15
7752,-3
7753,5
7754,10
7755,12
7756,1
7757,12
7758,25
7759,18
7760,17
7761,5
7762,-8
7763,-4
7764,2
7765,5
7766,-5
7767,2
7768,15
7769,14
7770,12
7771,-3
7772,-7
7773,12
7774,8
7775,-7
7776,-33
7777,21
7778,-2
7779,17
7780,3
7781,-7
7782,-12
7783,14
7784,7
7785,16
7786,23
7787,-33
7788,14
7789,-7
7790,9
7791,10
7792,15
7793,-1
7794,24
7795,8
7796,14
7797,9
7798,10
7799,2
7800,-7
7801,25
7802,6
7803,-8
7804,16
7805,14
7806,19
7807,7
7808,9
7809,12
7810,22
7811,16
7812,27
7813,-7
7814,7
7815,-11
7816,22
7817,10
7818,11
7819,19
7820,5
7821,10
7822,14
7823,10
7824,-34
7825,-17
7826,3
7827,-6
7828,-25
7829,4
7830,-8
7831,12
7832,-11
7833,9
7834,-17
7835,5
7836,9
7837,24
7838,-10
7839,7
7840,10
7841,-24
7842,12
7843,4
7844,5
7845,-15
7846,-17
7847,9
7848,15
7849,-5
7850,-11
7851,-2
7852,16
7853,-1
7854,-4
7855,16
7856,10
7857,5
7858,-1
7859,-1
7860,16
7861,21
7862,2
7863,15
7864,9
7865,0
7866,10
7867,15
7868,4
7869,10
7870,19
7871,0
7872,8
7873,2
7874,-18
7875,18
7876,3
7877,3
7878,14
7879,-2
7880,1
7881,-14
7882,14
7883,5
7884,-4
7885,1
7886,-7
7887,0
7888,-33
7889,5
7890,16
7891,27
7892,3
7893,-27
7894,14
7895,4
7896,12
7897,-13
7898,-22
7899,20
7900,-22
7901,-2
7902,-3
7903,24
7904,16
7905,1
7906,6
7907,-12
7908,-15
7909,9
7910,2
7911,6
7912,9
7913,15
7914,-23
7915,23
7916,5
7917,10
7918,10
7919,4
7920,3
7921,5
7922,13
7923,-1
7924,9
7925,-4
7926,8
7927,8
7928,-7
7929,-26
7930,13
7931,-6
7932,2
7933,4
7934,19
7935,-25
7936,-9
7937,10
7938,24
7939,0
7940,20
7941,-16
7942,13
7943,1
7944,12
7945,-15
7946,12
7947,-19
7948,6
7949,4
7950,1
7951,4
7952,-2
7953,15
7954,23
7955,6
7956,12
7957,3
7958,-8
7959,4
7960,20
7961,19
7962,12
7963,21
7964,19
7965,4
7966,7
7967,0
7968,2
7969,21
7970,6
7971,6
7972,-9
7973,1
7974,15
7975,0
7976,2
7977,11
7978,-21
7979,-2
7980,0
7981,9
7982,-8
7983,15
7984,6
7985,-3
7986,9
7987,-23
7988,-23
7989,-9
7990,13
7991,-1
7992,-24
7993,9
7994,11
7995,4
7996,9
7997,-12
7998,10
7999,6
8000,13
8001,-21
8002,8
8003,1
8004,-11
8005,11
8006,15
8007,-23
8008,-13
8009,7
8010,10
8011,15
8012,-2
8013,-27
8014,-4
8015,1
8016,-20
8017,-20
8018,7
8019,13
8020,-8
8021,-7
8022,8
8023,-16
8024,9
8025,14
8026,-22
8027,10
8028,23
8029,3
8030,-1
8031,-6
8032,-13
8033,13
8034,21
8035,6
8036,-4
8037,10
8038,3
8039,13
8040,4
8041,12
8042,-7
8043,0
8044,3
8045,13
8046,17
8047,14
8048,11
8049,-1
8050,-23
8051,16
8052,14
8053,9
8054,-12
8055,-10
8056,7
8057,-12
8058,-3
8059,-7
8060,-10
8061,-10
8062,11
8063,1
8064,24
8065,-6
8066,13
8067,-4
8068,7
8069,-20
8070,-2
8071,15
8072,-2
8073,0
8074,-2
8075,-5
8076,19
8077,-10
8078,5
8079,7
8080,10
8081,-5
8082,9
8083,6
8084,-11
8085,0
8086,7
8087,15
8088,-14
8089,16
8090,10
8091,-17
8092,18
8093,-9
8094,4
8095,21
8096,18
8097,16
8098,6
8099,-8
8100,7
8101,-10
8102,-24
8103,-15
8104,26
8105,-1
8106,15
8107,-3
8108,2
8109,-38
8110,-14
8111,-19
8112,9
8113,-18
8114,1
8115,13
8116,10
8117,9
8118,-9
8119,28
8120,-19
8121,3
8122,19
8123,-22
8124,-10
8125,-8
8126,7
8127,7
8128,10
8129,11
8130,6
8131,-32
8132,27
8133,4
8134,14
8135,30
8136,4
8137,-38
8138,10
8139,-24
8140,-4
8141,12
8142,0
8143,20
8144,7
8145,5
8146,7
8147,-43
8148,19
8149,25
8150,5
8151,-11
8152,23
8153,1
8154,-3
8155,18
8156,8
8157,-17
8158,-12
8159,4
8160,17
8161,6
8162,-10
8163,-19
8164,18
8165,-14
8166,5
8167,6
8168,6
8169,16
8170,16
8171,14
8172,28
8173,-3
8174,8
8175,-1
8176,-5
8177,9
8178,-4
8179,6
8180,15
8181,25
8182,0
8183,17
8184,18
8185,-7
8186,8
8187,9
8188,3
8189,22
8190,-21
8191,5
8192,-23
8193,20
8194,13
8195,-11
8196,4
8197,8
8198,-35
8199,4
8200,0
8201,21
8202,2
8203,0
8204,-23
8205,-19
8206,10
8207,3
8208,-19
8209,7
8210,-18
8211,4
8212,20
8213,5
8214,-32
8215,15
8216,-20
8217,16
8218,-38
8219,-3
8220,12
8221,23
8222,29
8223,-2
8224,2
8225,11
8226,7
8227,-10
8228,12
8229,12
8230,6
8231,-6
8232,9
8233,28
8234,16
8235,-4
8236,3
8237,29
8238,6
8239,8
8240,18
8241,14
8242,27
8243,1
8244,9
8245,-13
8246,19
8247,8
8248,3
8249,9
8250,0
8251,-15
8252,-5
8253,14
8254,19
8255,11
8256,9
8257,16
8258,6
8259,3
8260,14
8261,18
8262,20
8263,13
8264,1
8265,-22
8266,5
8267,29
8268,21
8269,18
8270,-1
8271,10
8272,15
8273,-24
8274,-11
8275,5
8276,-1
8277,8
8278,10
8279,2
8280,-8
8281,7
8282,8
8283,-38
8284,4
8285,17
8286,9
8287,21
8288,16
8289,6
8290,-13
8291,-14
8292,9
8293,-5
8294,2
8295,-12
8296,8
8297,-6
8298,19
8299,-8
8300,0
8301,-14
8302,-4
8303,-1
8304,-1
8305,18
8306,4
8307,20
8308,24
8309,5
8310,17
8311,10
8312,15
8313,18
8314,-1
8315,16
8316,14
8317,18
8318,28
8319,12
8320,29
8321,-14
8322,2
8323,-15
8324,10
8325,15
8326,9
8327,-9
8328,6
8329,1
8330,30
8331,15
8332,-9
8333,14
8334,9
8335,-9
8336,-5
8337,-22
8338,0
8339,2
8340,19
8341,9
8342,14
8343,-16
8344,12
8345,5
8346,1
8347,2
8348,8
8349,1
8350,-3
8351,13
8352,22
8353,15
8354,1
8355,10
8356,23
8357,14
8358,-19
8359,4
8360,-8
8361,-9
8362,-9
8363,3
8364,13
8365,-12
8366,8
8367,3
8368,10
8369,12
8370,8
8371,21
8372,-8
8373,15
8374,-5
8375,13
8376,-5
8377,-10
8378,-1
8379,-36
8380,13
8381,5
8382,20
8383,6
8384,-13
8385,15
8386,-14
8387,15
8388,7
8389,2
8390,-6
8391,27
8392,15
8393,-22
8394,-21
8395,6
8396,8
8397,9
8398,9
8399,2
8400,17
8401,10
8402,14
8403,8
8404,8
8405,-1
8406,7
8407,19
8408,1
8409,-23
8410,13
8411,-1
8412,-3
8413,6
8414,22
8415,6
8416,20
8417,9
8418,22
8419,-8
8420,9
8421,1
8422,0
8423,14
8424,-20
8425,22
8426,12
8427,-27
8428,-15
8429,18
8430,13
8431,25
8432,-4
8433,11
8434,-18
8435,26
8436,15
8437,-8
8438,17
8439,-9
8440,8
8441,18
8442,7
8443,8
8444,19
8445,4
8446,5
8447,2
8448,0
8449,14
8450,9
8451,-17
8452,-2
8453,10
8454,11
8455,11
8456,8
8457,-7
8458,23
8459,9
8460,-11
8461,-14
8462,12
8463,16
8464,-8
8465,12
8466,6
8467,-10
8468,17
8469,11
8470,11
8471,14
8472,12
8473,-4
8474,-23
8475,2
8476,3
8477,13
8478,19
8479,7
8480,2
8481,5
8482,-12
8483,7
8484,2
8485,1
8486,-18
8487,15
8488,6
8489,13
8490,10
8491,5
8492,9
8493,9
8494,-1
8495,-3
8496,-22
8497,14
8498,12
8499,-7
8500,-1
8501,-1
8502,13
8503,-23
8504,-1
8505,14
8506,-27
8507,9
8508,-24
8509,19
8510,12
8511,8
8512,-4
8513,13
8514,-13
8515,-10
8516,9
8517,13
8518,-22
8519,-4
8520,-34
8521,21
8522,13
8523,-22
8524,6
8525,13
8526,-8
8527,-17
8528,-9
8529,12
8530,19
8531,4
8532,16
8533,11
8534,12
8535,-25
8536,6
8537,5
8538,13
8539,-21
8540,-19
8541,19
8542,18
8543,7
8544,6
8545,-5
8546,-14
8547,13
8548,14
8549,21
8550,2
8551,28
8552,7
8553,-1
8554,17
8555,6
8556,12
8557,8
8558,20
8559,14
8560,12
8561,-5
8562,-1
8563,15
8564,10
8565,12
8566,21
8567,9
8568,-30
8569,9
8570,-3
8571,10
8572,1
8573,18
8574,-27
8575,7
8576,-27
8577,14
8578,19
8579,22
8580,-1
8581,-35
8582,16
8583,4
8584,11
8585,7
8586,19
8587,5
8588,1
8589,15
8590,-4
8591,6
8592,10
8593,8
8594,16
8595,11
8596,7
8597,2
8598,13
8599,3
8600,-27
8601,2
8602,5
8603,1
8604,-6
8605,-20
8606,19
8607,27
8608,11
8609,-5
8610,-8
8611,19
8612,3
8613,24
8614,13
8615,18
8616,7
8617,-1
8618,15
8619,22
8620,13
8621,4
8622,20
8623,4
8624,16
8625,3
8626,-14
8627,1
8628,20
8629,13
8630,8
8631,20
8632,-12
8633,-2
8634,6
8635,-25
8636,-14
8637,14
8638,-14
8639,19
8640,-4
8641,-13
8642,19
8643,3
8644,7
8645,20
8646,4
8647,-1
8648,-18
8649,12
8650,-1
8651,4
8652,17
8653,-17
8654,12
8655,19
8656,-2
8657,0
8658,17
8659,16
8660,-5
8661,9
8662,-13
8663,12
8664,14
8665,16
8666,11
8667,-18
8668,19
8669,8
8670,15
8671,12
8672,13
8673,10
8674,13
8675,6
8676,21
8677,6
8678,-10
8679,7
8680,13
8681,15
8682,10
8683,12
8684,12
8685,20
8686,-8
8687,-2
8688,2
8689,4
8690,-20
8691,-11
8692,-3
8693,21
8694,3
8695,20
8696,10
8697,-6
8698,0
8699,-19
8700,15
8701,-17
8702,4
8703,5
8704,7
8705,16
8706,10
8707,19
8708,18
8709,12
8710,16
8711,13
8712,-11
8713,-8
8714,0
8715,-23
8716,-11
8717,13
8718,3
8719,2
8720,1
8721,19
8722,21
8723,22
8724,-25
8725,7
8726,16
8727,16
8728,-9
8729,10
8730,4
8731,4
8732,-22
8733,-12
8734,-1
8735,1
8736,5
8737,15
8738,2
8739,-10
8740,-11
8741,-6
8742,11
8743,5
8744,5
8745,9
8746,25
8747,12
8748,-17
8749,11
8750,6
8751,15
8752,12
8753,-32
8754,-4
8755,13
8756,-7
8757,11
8758,-8
8759,4
8760,5
8761,14
8762,5
8763,-28
8764,-12
8765,9
8766,9
8767,12
8768,18
8769,10
8770,17
8771,22
8772,25
8773,12
8774,20
8775,26
8776,10
8777,8
8778,-17
8779,-5
8780,17
8781,3
8782,8
8783,6
8784,13
8785,6
8786,11
8787,-18
8788,-1
8789,2
8790,-21
8791,-4
8792,-17
8793,8
8794,12
8795,-18
8796,7
8797,10
8798,5
8799,6
8800,2
8801,21
8802,-1
8803,0
8804,-23
8805,15
8806,1
8807,8
8808,13
8809,-4
8810,11
8811,16
8812,11
8813,-10
8814,-5
8815,4
8816,20
8817,-13
8818,21
8819,14
8820,8
8821,21
8822,12
8823,5
8824,-9
8825,-23
8826,-30
8827,-17
8828,5
8829,15
8830,4
8831,3
8832,7
8833,13
8834,18
8835,-3
8836,5
8837,25
8838,8
8839,6
8840,-3
8841,8
8842,14
8843,-31
8844,14
8845,-1
8846,-6
8847,20
8848,23
8849,28
8850,21
8851,20
8852,-7
8853,9
8854,20
8855,3
8856,5
8857,14
8858,4
8859,-6
8860,1
8861,-20
8862,11
8863,7
8864,-11
8865,8
8866,4
8867,5
8868,12
8869,10
8870,6
8871,17
8872,-1
8873,17
8874,14
8875,5
8876,4
8877,-2
8878,-25
8879,15
8880,7
8881,14
8882,-3
8883,4
8884,-16
8885,9
8886,29
8887,9
8888,-7
8889,22
8890,26
8891,6
8892,22
8893,2
8894,16
8895,7
8896,20
8897,4
8898,14
8899,11
8900,3
8901,-5
8902,-17
8903,-13
8904,0
8905,9
8906,-7
8907,-16
8908,14
8909,14
8910,18
8911,3
8912,10
8913,-5
8914,3
8915,4
8916,7
8917,-7
8918,13
8919,11
8920,10
8921,6
8922,7
8923,6
8924,-8
8925,4
8926,-8
8927,14
8928,11
8929,-6
8930,-14
8931,8
8932,12
8933,25
8934,7
8935,-5
8936,7
8937,11
8938,2
8939,-21
8940,19
8941,3
8942,22
8943,-17
8944,6
8945,4
8946,-6
8947,31
8948,-4
8949,12
8950,-3
8951,-10
8952,-1
8953,10
8954,19
8955,-1
8956,13
8957,10
8958,16
8959,-11
8960,13
8961,3
8962,-6
8963,-10
8964,5
8965,16
8966,-34
8967,-11
8968,4
8969,-17
8970,13
8971,7
8972,14
8973,18
8974,6
8975,-8
8976,1
8977,2
8978,6
8979,-9
8980,10
8981,-25
8982,17
8983,8
8984,-18
8985,-14
8986,14
8987,10
8988,-1
8989,0
8990,14
8991,-15
8992,13
8993,-8
8994,12
8995,11
8996,-5
8997,-2
8998,-15
8999,-2
9000,-9
9001,15
9002,12
9003,8
9004,-1
9005,6
9006,24
9007,15
9008,6
9009,-1
9010,3
9011,0
9012,10
9013,28
9014,-25
9015,11
9016,0
9017,17
9018,6
9019,11
9020,9
9021,14
9022,-34
9023,-8
9024,7
9025,9
9026,-4
9027,0
9028,2
9029,-7
9030,-16
9031,-21
9032,13
9033,26
9034,7
9035,2
9036,5
9037,0
9038,3
9039,8
9040,5
9041,9
9042,25
9043,10
9044,15
9045,23
9046,24
9047,23
9048,-10
9049,5
9050,5
9051,7
9052,5
9053,2
9054,13
9055,2
9056,16
9057,-20
9058,17
9059,20
9060,2
9061,10
9062,6
9063,-4
9064,-30
9065,-25
9066,14
9067,14
9068,13
9069,-6
9070,20
9071,9
9072,22
9073,20
9074,13
9075,3
9076,3
9077,32
9078,8
9079,15
9080,6
9081,8
9082,17
9083,16
9084,20
9085,-6
9086,8
9087,24
9088,15
9089,25
9090,8
9091,-2
9092,-1
9093,21
9094,12
9095,0
9096,13
9097,2
9098,2
9099,7
9100,23
9101,16
9102,10
9103,8
9104,19
9105,2
9106,24
9107,5
9108,13
9109,24
9110,-22
9111,3
9112,4
9113,0
9114,24
9115,2
9116,15
9117,6
9118,-6
9119,2
9120,-3
9121,1
9122,10
9123,17
9124,7
9125,-12
9126,12
9127,15
9128,1
9129,0
9130,-7
9131,24
9132,16
9133,-7
9134,2
9135,-26
9136,-18
9137,24
9138,3
9139,10
9140,10
9141,21
9142,6
9143,16
9144,-25
9145,5
9146,2
9147,15
9148,23
9149,-16
9150,11
9151,6
9152,-6
9153,1
9154,8
9155,13
9156,-19
9157,4
9158,14
9159,4
9160,6
9161,9
9162,8
9163,-18
9164,-26
9165,3
9166,-1
9167,7
9168,3
9169,17
9170,2
9171,-1
9172,-5
9173,-8
9174,6
9175,-11
9176,-5
9177,1
9178,-20
9179,10
9180,1
9181,11
9182,-20
9183,19
9184,14
9185,8
9186,-5
9187,7
9188,4
9189,5
9190,3
9191,0
9192,-8
9193,17
9194,7
9195,26
9196,8
9197,3
9198,10
9199,-8
9200,15
9201,17
9202,-1
9203,-23
9204,-25
9205,17
9206,5
9207,12
9208,17
9209,7
9210,-14
9211,-2
9212,22
9213,22
9214,18
9215,-8
9216,-7
9217,19
9218,17
9219,13
9220,8
9221,7
9222,14
9223,22
9224,4
9225,22
9226,6
9227,16
9228,8
9229,6
9230,10
9231,15
9232,10
9233,14
9234,-13
9235,18
9236,13
9237,25
9238,-11
9239,-3
9240,10
9241,-6
9242,19
9243,18
9244,-25
9245,8
9246,-3
9247,12
9248,15
9249,14
9250,6
9251,-31
9252,4
9253,7
9254,-30
9255,12
9256,-5
9257,18
9258,9
9259,23
9260,12
9261,20
9262,12
9263,22
9264,-9
9265,23
9266,12
9267,15
9268,-2
9269,0
9270,-13
9271,-5
9272,28
9273,4
9274,3
9275,-9
9276,-29
9277,5
9278,2
9279,-11
9280,15
9281,2
9282,0
9283,3
9284,-7
9285,-2
9286,4
9287,7
9288,8
9289,-15
9290,-7
9291,5
9292,1
9293,15
9294,10
9295,10
9296,-1
9297,-17
9298,14
9299,20
9300,20
9301,-5
9302,-31
9303,-24
9304,18
9305,28
9306,10
9307,-1
9308,1
9309,20
9310,16
9311,-8
9312,13
9313,-13
9314,5
9315,20
9316,15
9317,18
9318,5
9319,17
9320,26
9321,-25
9322,-42
9323,7
9324,12
9325,-1
9326,3
9327,13
9328,-32
9329,5
9330,19
9331,11
9332,29
9333,0
9334,11
9335,-1
9336,-1
9337,-1
9338,-3
9339,20
9340,7
9341,17
9342,-6
9343,11
9344,-15
9345,-10
9346,12
9347,-13
9348,14
9349,7
9350,28
9351,4
9352,13
9353,27
9354,0
9355,22
9356,-15
9357,16
9358,-32
9359,21
9360,16
9361,8
9362,16
9363,12
9364,-15
9365,-13
9366,-10
9367,-1
9368,-2
9369,6
9370,7
9371,24
9372,7
9373,10
9374,-3
9375,0
9376,2
9377,10
9378,-28
9379,18
9380,17
9381,2
9382,7
9383,-1
9384,7
9385,9
9386,16
9387,16
9388,8
9389,30
9390,8
9391,3
9392,20
9393,10
9394,20
9395,-7
9396,15
9397,3
9398,2
9399,-10
9400,8
9401,1
9402,-6
9403,12
9404,28
9405,-5
9406,-5
9407,-5
9408,5
9409,22
9410,-10
9411,10
9412,14
9413,1
9414,10
9415,-13
9416,0
9417,21
9418,3
9419,10
9420,1
9421,-9
9422,-3
9423,9
9424,24
9425,-18
9426,1
9427,20
9428,24
9429,16
9430,11
9431,6
9432,5
9433,-25
9434,6
9435,-11
9436,21
9437,-2
9438,19
9439,4
9440,-1
9441,1
9442,-12
9443,20
9444,-1
9445,16
9446,-19
9447,14
9448,6
9449,18
9450,5
9451,-13
9452,23
9453,9
9454,-37
9455,16
9456,30
9457,7
9458,18
9459,15
9460,3
9461,17
9462,15
9463,10
9464,16
9465,4
9466,12
9467,-20
9468,-3
9469,-25
9470,9
9471,-12
9472,-30
9473,4
9474,-6
9475,-48
9476,-3
9477,17
9478,-7
9479,10
9480,-3
9481,-2
9482,5
9483,-15
9484,3
9485,1
9486,9
9487,-17
9488,14
9489,17
9490,8
9491,-24
9492,3
9493,19
9494,-3
9495,10
9496,10
9497,0
9498,8
9499,17
9500,-31
9501,14
9502,14
9503,10
9504,3
9505,1
9506,13
9507,19
9508,-9
9509,-33
9510,11
9511,9
9512,-3
9513,19
9514,-4
9515,7
9516,-4
9517,5
9518,23
9519,21
9520,16
9521,-15
9522,-34
9523,-23
9524,-3
9525,-4
9526,4
9527,16
9528,-15
9529,1
9530,-2
9531,-23
9532,-1
9533,-8
9534,-17
9535,-3
9536,-19
9537,3
9538,16
9539,7
9540,9
9541,19
9542,9
9543,23
9544,26
9545,17
9546,8
9547,-6
9548,8
9549,-4
9550,15
9551,-13
9552,14
9553,-2
9554,9
9555,12
9556,-23
9557,-4
9558,-5
9559,20
9560,18
9561,-4
9562,19
9563,-21
9564,-4
9565,-26
9566,-6
9567,25
9568,-11
9569,18
9570,2
9571,15
9572,21
9573,21
9574,5
9575,14
9576,4
9577,-31
9578,27
9579,6
9580,8
9581,27
9582,-23
9583,20
9584,-3
9585,-26
9586,20
9587,-8
9588,16
9589,12
9590,6
9591,20
9592,28
9593,33
9594,13
9595,12
9596,20
9597,7
9598,-1
9599,15
9600,9
9601,-12
9602,1
9603,2
9604,-34
9605,6
9606,-37
9607,6
9608,26
9609,-25
9610,25
9611,-34
9612,13
9613,16
9614,2
9615,12
9616,25
9617,-25
9618,6
9619,-11
9620,4
9621,8
9622,19
9623,10
9624,3
9625,23
9626,18
9627,17
9628,-12
9629,27
9630,14
9631,18
9632,13
9633,17
9634,21
9635,18
9636,6
9637,-25
9638,3
9639,-11
9640,11
9641,2
9642,15
9643,-6
9644,3
9645,10
9646,20
9647,-7
9648,-9
9649,-1
9650,24
9651,12
9652,-4
9653,23
9654,-27
9655,18
9656,7
9657,17
9658,14
9659,9
9660,17
9661,6
9662,5
9663,-11
9664,11
9665,20
9666,10
9667,9
9668,23
9669,-12
9670,10
9671,19
9672,11
9673,13
9674,14
9675,8
9676,11
9677,-9
9678,-6
9679,10
9680,-19
9681,12
9682,15
9683,14
9684,7
9685,7
9686,-5
9687,-4
9688,11
9689,2
9690,2
9691,9
9692,6
9693,14
9694,-10
9695,-12
9696,-23
9697,-5
9698,-19
9699,-12
9700,21
9701,9
9702,-11
9703,4
9704,9
9705,16
9706,20
9707,1
9708,8
9709,15
9710,9
9711,11
9712,14
9713,22
9714,10
9715,9
9716,23
9717,9
9718,3
9719,24
9720,10
9721,10
9722,3
9723,-2
9724,6
9725,1
9726,3
9727,-11
9728,16
9729,17
9730,-11
9731,1
9732,16
9733,-3
9734,9
9735,15
9736,15
9737,6
9738,8
9739,24
9740,-15
9741,20
9742,-22
9743,6
9744,0
9745,-6
9746,-16
9747,-5
9748,7
9749,8
9750,12
9751,-7
9752,11
9753,23
9754,-2
9755,-10
9756,-38
9757,23
9758,1
9759,5
9760,14
9761,19
9762,-13
9763,-14
9764,14
9765,-6
9766,5
9767,14
9768,21
9769,1
9770,13
9771,4
9772,17
9773,-8
9774,18
9775,-2
9776,25
9777,23
9778,-2
9779,6
9780,15
9781,15
9782,-5
9783,8
9784,-18
9785,-3
9786,2
9787,15
9788,18
9789,15
9790,-9
9791,-35
9792,-11
9793,15
9794,-26
9795,19
9796,-14
9797,-13
9798,17
9799,-3
9800,16
9801,-30
9802,-7
9803,-22
9804,10
9805,17
9806,8
9807,10
9808,-8
9809,7
9810,27
9811,12
9812,11
9813,10
9814,8
9815,8
9816,15
9817,-5
9818,6
9819,23
9820,1
9821,-10
9822,-11
9823,6
9824,15
9825,7
9826,15
9827,-32
9828,9
9829,-22
9830,15
9831,-45
9832,12
9833,16
9834,18
9835,13
9836,-11
9837,17
9838,-7
9839,15
9840,24
9841,-10
9842,-22
9843,10
9844,0
9845,-3
9846,12
9847,-12
9848,-3
9849,7
9850,27
9851,5
9852,-8
9853,-11
9854,7
9855,-1
9856,-19
9857,8
9858,-15
9859,7
9860,11
9861,13
9862,1
9863,0
9864,0
9865,7
9866,4
9867,8
9868,1
9869,20
9870,8
9871,-2
9872,13
9873,-12
9874,8
9875,2
9876,-25
9877,-1
9878,4
9879,8
9880,-2
9881,10
9882,18
9883,3
9884,-16
9885,3
9886,-20
9887,-28
9888,11
9889,-16
9890,19
9891,17
9892,4
9893,17
9894,16
9895,-13
9896,10
9897,-6
9898,6
9899,-18
9900,17
9901,-13
9902,-27
9903,-23
9904,18
9905,5
9906,14
9907,-26
9908,17
9909,6
9910,7
9911,-2
9912,1
9913,3
9914,25
9915,7
9916,0
9917,4
9918,21
9919,-11
9920,13
9921,16
9922,12
9923,2
9924,-24
9925,6
9926,9
9927,16
9928,8
9929,10
9930,-1
9931,0
9932,-14
9933,25
9934,-7
9935,12
9936,14
9937,11
9938,5
9939,4
9940,0
9941,-17
9942,29
9943,18
9944,-4
9945,-3
9946,-26
9947,4
9948,-2
9949,6
9950,1
9951,14
9952,8
9953,-14
9954,10
9955,23
9956,2
9957,-8
9958,8
9959,4
9960,15
9961,23
9962,-33
9963,7
9964,15
9965,5
9966,15
9967,-10
9968,5
9969,6
9970,22
9971,27
9972,-11
9973,3
9974,4
9975,21
9976,-14
9977,23
9978,7
9979,9
9980,17
9981,0
9982,-21
9983,16
9984,4
9985,24
9986,16
9987,6
9988,-17
9989,15
9990,1
9991,3
9992,12
9993,1
9994,5
9995,2
9996,32
9997,9
9998,-15
9999,7
10000,-11
